{
    "page_content": "该网页内容包含以下对用户有实际参考价值的信息：\n\n1. **常见问题** - 有关于服务的常见问题解答。\n2. **联系方式** - 提供了与澳电关于电力服务的联系信息和支持服务。\n3. **服务功能**：\n   - **查缴费用** - 允许用户查詢电费。\n   - **申请状态** - 用户可以查看申请的状态。\n   - **电子账单信息** - 提供电子账单相关信息。\n4. **线上取号/预约** - 用户可以在线预约相关服务。\n5. **新闻稿** - 相关的电力公司新闻，有关活动、政策、和社区服务的信息。\n\n其他内容如广告、版权信息、导航等不具备用户参考价值，可以忽略。",
    "metadata": {
        "description": "",
        "resource_type": ".md",
        "file_size": 21613,
        "url": null,
        "extracted_data": null,
        "user_id": "fa5d3651-357d-4dea-9e66-5a1024451219",
        "original_url": "https://www.cem-macau.com/zh/",
        "domain": "www.cem-macau.com",
        "og_image": null,
        "pathname": "/zh/",
        "final_url": null,
        "keywords": [
            "澳電網站使用條款|收集個人資料聲明| 慎防詐騙訊息澳電網站Cookies 使用政策本網站使用Cookies 以優化客戶的瀏覽體驗",
            "節目豐富 2024-09-16 新聞稿澳電與澳大及東方電子舉行簽署協議及揭牌儀式 共建"
        ],
        "title": "澳門電力股份有限公司"
    }
}