{
    "page_content": "長者電費援助計劃\n澳電致力履行企業社會責任，提供合資格的\n長者客戶每月首88度電的11%折扣優惠。\n申請條件：\n1 持有頤老咭的澳門永久居民；\n2 所登記的安裝地址*必須為住宅用途；\n3 收費類別為A1或A2的客戶。\n*每張頤老咭只能登記一個安裝地址\n所需文件：\n1 澳門永久居民身份證；\n2 頤老咭；\n3 住址證明或聲明書；及\n 4 該住址的最新一期電費單。\n查詢詳情，歡迎致電資詢通 2833 9911 。\nSenior Citizen Support Program\nCEM strives to demonstrate our commitment to the \nsocial interest of the community. Eligible senior \ncustomers can enjoy an 11% discount on the first \n88 kWh of electricity consumption.\nApplication requirements\n1 Permanent Macau resident and holder of Senior \nCitizen Card; \n2 The registered installation address* must be for \nresidential use;\n3 Tariff A1 or A2 customer\n*Only one installation address can be registered per Senior Citizen Card\nRequired documents\n1 Macau Permanent Resident Identity Card;\n2 Senior Citizen Card;\n3 Evidence or declaration of household address; and\n4 Latest electricity bill of declared household address.\nPrograma de Apoio ao Cidadão Sénior\nA CEM esforça-se por demonstrar o nosso \ncompromisso para com o interesse social da \ncomunidade. Os clientes sénior elegíveis podem \nbeneficiar de um desconto de 11% sobre os primeiros \n88 kWh de consumo de electricidade.\nRequisitos de elegibilidade:\n1  Residente Permanente de Macau e titular do \nCartão de Benefícios Especiais para Idosos;\n2 O endereço* da instalação registada deve ser para \nuso residencial;\n 3  Cliente da Tarifa A1 ou A2.\n*Apenas uma morada da instalação pode ser registada por cada \nCartão de Benefícios Especiais para Idosos\nDocumentação necessária:\n 1 Bilhete de Identidade de Residente Permanente de \nMacau;\n2 Cartão de Benefícios Especiais para Idosos;\n3 Comprovativo de residência ou declaração do \nproprietário;\n4 Última factura de electricidade recebida na morada \ndeclarada.\nPara mais informações, por favor ligue para a \nnossa Linha Info 28339911.\nFor details, please call our Info Line 28339911.",
    "metadata": {
        "producer": "Adobe PDF library 16.03",
        "creator": "Adobe Illustrator 26.0 (Macintosh)",
        "creationdate": "2022-01-28T11:48:40+08:00",
        "moddate": "2022-01-28T11:48:40+08:00",
        "title": "2022-01_Senior Citizen_CPE",
        "source": "https://www.cem-macau.com/uploads/pdf_education_2022_01_Senior_Citizen_zh_3ff3f287a7.pdf",
        "total_pages": 2,
        "page": 1,
        "page_label": "2"
    }
}