{
    "page_content": "收費調整系數\n2\n－\n收費按季度而調整以反映電力生產成\n本上的浮動。\n政府 稅\n\t－\t\n就每月使用電力裝置所需繳納的稅項。\n收費時段\n繁忙時間\t \t 09:00 \t-\t20:00\n非繁忙時間\t \t 00:00 \t-\t09:00；20:00 \t-\t24:00\n價格\n3\nB1 收費 B2，B3 收費\n功率費 19.797 \t\n(澳門幣/千瓦)\n21.484  \n(澳門幣/千瓦 )\n有功電能 繁忙時間\t\n非繁忙時間\n0.874  \n0.767\n無功電能 繁忙時間\t\n非繁忙時間\n0.348  \n0.116\n善用電力的建議\n盡量利用非繁忙時間用電。\t•\n透過安裝設備，如電容器，藉以減少無\t•\n功\n電能的消耗。\n盡量減少同一時間內使用電力設備以降低功率費。\t•\n       TB200709C/ND\n備註：\n1\t86年8月30日之第35/86/M號法令。\n2\t2007年3月19日之第5/2007號行政法規。\n3\t2004年8月9日之第23/2004號行政指令。\n(澳門幣/千瓦時)\n(澳門幣/千乏時)",
    "metadata": {
        "producer": "Adobe PDF Library 8.0",
        "creator": "Adobe InDesign CS3 (5.0)",
        "creationdate": "2007-11-09T15:38:51+08:00",
        "moddate": "2007-11-09T15:38:54+08:00",
        "trapped": "/False",
        "source": "https://www.cem-macau.com/uploads/pdf_education_Tariff_B_zh_2574dad7f3.pdf",
        "total_pages": 2,
        "page": 1,
        "page_label": "2"
    }
}