{
    "page_content": "1  供電指南\n申請人(1):\n必須為業權人或租戶\n所需文件(2):\n1.業權人身份證明文件副本 (3)(4)\n2.最近三個月發出的查屋紙 (5)\n如申請人為租戶，另須提供:\n1.租戶身份證明文件副本 (3)(4)\n2.已公證的租約副本 (6)\n如申請單位為非住宅用途，另須提供:\n1.電力裝置位置圖(7) (適用於申請功率高於20.7千伏安)\n2.「電力裝置用途/電業工程人員聲明書」 (8) 及其身份證明\n文件副本\n3.土地工務局發出以申請人及訂定功率申請的電力裝置使用\n准照(9)\n應付費用:\n1.若所申請的功率高於該樓宇所註冊的最大功率時，需繳交\n附加之電纜接駁費(如需要)\n2.工程費用(如需要)\n3.按金\n所需時間:\n四個工作天內完成(10)(11)\n  2  更改訂定功率 (電錶大小)\n申請人(1):\n必須為電能供應合約持有人\n所需文件(2):\n1.申請人身份證明文件副本 (3)(4)\n2.如有需要，另須提供最近三個月發出的查屋紙以供審批\n如申請單位為非住宅用途，另須提供:\n1.電力裝置位置圖(7)（適用於申請功率高於20.7千伏安）\n2.「電力裝置用途/電業工程人員聲明書」 (8)及其身份證明文\n件副本\n3.土地工務局發出以申請人及訂定功率申請的電力裝置使用\n准照(9)\n應付費用:\n1.若所申請的功率高於該樓宇所註冊的最大功率時，需繳交\n附加之電纜接駁費\n2.工程費用(如需要)\n3.新舊按金的差額\n所需時間:\n四個工作天內完成(10)(11)\n  3  合約轉名\n申請人(1):\n必須為業權人或租戶\n所需文件:\n1.業權人身份證明文件副本 (3)(4)\n2.最近三個月發出的查屋紙 (5)\n3.電費單\n如申請人為租戶，另須提供:\n1.租戶的身份證明文件副本 (3)(4)\n2.已公證的租約副本 (6)\n如申請單位為非住宅用途，另須提供:\n「電力裝置用途/電業工程人員聲明書」 (8) 及土地工務局發出\n以申請人及訂定功率申請的電力裝置使用准照 (9)\n應付費用:\n1.申請合約尚未繳付的電費\n2.按金(根據所申請的訂定功率收取)\n所需時間:\n即時生效 (13)\n  4  終止合約\n申請人(1):\n必須為電能供應合約持有人或業權人\n所需文件:\n1. 申請人身份證明文件副本 (3)(4)\n2. 電費單\n如申請人為現時業權人，另須提供:\n最近三個月發出的查屋紙 (5)\n應付費用:\n需繳清該單位尚未繳付的電費\n所需時間:\n四個工作天內完成(10)(11)(12)\n  5  退還按金\n申請條件:\n有關之電能供應合約已終止及申請人名下單位沒有任何尚未\n繳付的費用\n申請人:\n必須為電能供應合約持有人\n所需文件:\n所需時間:\n除現金可即時退款外，其他退款方式可於三個工作天內完成\n退款類別 個人名稱 公司名稱\n現金退款(退款金額\n低於澳門幣2,500)\n支票退款\n銀行戶口轉賬退款\n轉至客戶名下另一\n電費單\n• 合約持有人証件正本(1)\n•合約持有人証件副本 (1)(3)\n•合約持有人証件副本 (3)\n•銀行戶口號碼或存摺簿的\n副本\n•合約持有人証件副本 (3)\n•客戶名下另一合約號碼或\n電費單副本\n• 不適用\n•公司圖章\n•代表人証件副本(3)\n•公司圖章\n•代表人証件副本(3)\n• 銀行戶口號碼或存摺\n簿的副本\n•公司圖章\n•代表人証件副本(3)\n•客戶名下的另一合約\n號碼或電費單副本",
    "metadata": {
        "producer": "Adobe PDF library 17.00",
        "creator": "Adobe Illustrator 29.1 (Macintosh)",
        "creationdate": "2025-01-03T16:43:23+08:00",
        "moddate": "2025-01-03T16:43:23+08:00",
        "title": "Supply_Application_C",
        "source": "https://www.cem-macau.com/uploads/Supply_Application_C_ad36fcd27b.pdf",
        "total_pages": 2,
        "page": 1,
        "page_label": "2"
    }
}