{
    "page_content": "TC200709C/ND\n收費調整系數\n1\n－\n收費按季度而調整以反映電力生產成本\n上的浮動。\n政府稅\n － 就每月使用電力裝置所需繳納的稅項。\n收費季節\n高用電季節  6月至9月\n低用電季節  10月至5月\n收費時段\n滿負荷時間  10:30 - 13:00；14:30 - 16:00\n繁忙時間  09:30 - 10:30；13:00 - 14:30；16:00 - 20:30\n非繁忙時間  00:00 - 09:30；20:30 - 24:00\n價格\n2\n \nC1 收費 C2 收費\n功率費 19.797\n \n(澳門幣/千瓦)\n21.484\n \n(澳門幣/千瓦 )\n有功\n電能\n高用電季節\n滿負荷時間\n繁忙時間\n非繁忙時間\n1.432\n0.885\n0.749\n低用電季節\n滿負荷時間\n繁忙時間\n非繁忙時間\n0.776\n0.776\n0.724\n無功\n電能\n高用電季節\n滿負荷時間\n繁忙時間\n非繁忙時間\n0.348\n0.348\n0.116\n低用電季節\n滿負荷時間\n繁忙時間\n非繁忙時間\n0.348\n0.348\n0.116\n善用電力的建議\n盡量利用非繁忙時間用電。 •\n透過安裝設備，如電容器，藉以減少無 • 功電能的消耗。\n盡量減少同一時間內使用電力設備以降低功率費。 •  \n(澳門幣/千瓦時)\n(澳門幣/千乏時)\n(澳門幣/千瓦時)\n(澳門幣/千乏時)\n備註：\n1 2007年3月19日之第5/2007號行政法規。\n2 2004年8月9日之第23/2004號行政指令。",
    "metadata": {
        "producer": "Adobe PDF Library 8.0",
        "creator": "Adobe InDesign CS3 (5.0)",
        "creationdate": "2007-11-09T15:39:25+08:00",
        "moddate": "2007-11-09T15:39:28+08:00",
        "trapped": "/False",
        "source": "https://www.cem-macau.com/uploads/pdf_education_Tariff_C_zh_0da3b45407.pdf",
        "total_pages": 2,
        "page": 1,
        "page_label": "2"
    }
}