{
    "page_content": "定期檢查大廈公共 電力裝置\n\n擁有舒適安樂窩，由大廈電力裝置保養開始\n大廈內的公共電力裝置（包括低壓總配電櫃、上升總掣\n板、電錶箱、上升總線及上升線分線箱）屬業主共同擁\n有，各業主需負責定期對大廈電力裝置進行檢查及維修\n保養，以確保電力裝置正常運作及避免發生事故。\n檢查時應注意：\n如大廈總掣的維修或更換工程涉及停電與復電，可致電\n「資詢通」 2833 9911聯絡我們安排協助，在完成檢\n修工程後業主應要求電力承辦商提交報告。\n為居民提供可靠及安全的供電服務，我們繼續做好公共\n輸配電網絡及其相關供電設施包括主變電站、客戶變電\n房等的保養及維修工作。\n各業主應僱用本澳有經驗的電力承\n辦商進行檢查和維修工作，如欲查\n詢承辦商名單可登入澳電網站\nwww.cem -macau.com\n電力裝置是否有可見損毀，帶電部分是否外露\n附近是否有漏水情況\n低壓總配電櫃、上升總掣板、上升總線及上升線分線\n箱是否處於良好狀態",
    "metadata": {
        "producer": "Adobe PDF library 10.01",
        "creator": "Adobe Illustrator CS6 (Macintosh)",
        "creationdate": "2016-10-17T17:37:19+08:00",
        "moddate": "2016-10-17T17:37:19+08:00",
        "title": "Oct-building_C",
        "source": "https://www.cem-macau.com/uploads/pdf_education_Building_zh_41150ff0d2.pdf",
        "total_pages": 2,
        "page": 1,
        "page_label": "2"
    }
}