{
    "page_content": "** 一站式中小企電力支援服務 **\n專人跟進\n專人跟進進度，適時提供協助，提高效率。客戶亦可隨時\n透過澳電APP追蹤申請進度。\n如欲申請電力供應、合約轉名或加大/減細電錶，可於澳電\n網上服務辦理，或致電專線：2833 9930、特設電郵地址\nsme.supports@cem-macau.com 與我們聯絡。\n \n電力技術諮詢服務\n根據商戶的店鋪大小及業務性質等，為客戶提供精準用電\n需求評估及分析，避免申請過多用電量。\n即時電力評估\n完善的電業承辦商名單\n客戶可於澳電網站選擇合適的註冊電業承辦商施工，\n保障工程質量及縮短工期。\n電業承辦商名單\n澳電全力支持澳門特區政府對舊城區的活化改造倡議，\n並已作好準備推出一站式中小企電力支援服務，協助\n改善區內的營商環境，滿足不同的用電需求。",
    "metadata": {
        "producer": "Adobe PDF library 17.00",
        "creator": "Adobe Illustrator 28.4 (Macintosh)",
        "creationdate": "2024-04-10T12:16:18+08:00",
        "moddate": "2024-04-10T12:16:18+08:00",
        "title": "Revitalization of 6 areas",
        "source": "https://www.cem-macau.com/uploads/Revitalization_of_6_areas_edee2cecb0.pdf",
        "total_pages": 2,
        "page": 1,
        "page_label": "2"
    }
}