{
    "page_content": "為確保電錶的正常運作，所有電錶裝置在任何情況下均須\n上鎖。除可保護電錶裝置，避免露出帶電部分之外，亦可\n防止他人改動電錶。下圖為兩種常見電錶裝置上鎖的安全\n標準︰\n如發現下列情況，應立即致電資詢通  2833 9911 與我們聯繫︰\n切勿擅自打開電錶蓋或干擾電錶的正常運作，以免觸電。\n保持電錶裝置周圍環境的安全和清潔，並確保電錶箱和電\n錶板完整無損。\n如需更改電錶裝置的位置或加大電錶，必須向澳電申請，\n切勿自行更改。\n如需中斷單位內的電力供應，切勿關上電錶裝置的斷路器\n（跳掣），而應關掉單位內電力總掣箱的總開關。\n•電錶的保護鎖被移除、損毀或開啟\n•有物件在干擾電錶正常運作\n•電錶的任何部份出現損毀情況\n為何電錶裝置必須上鎖？\n安全小貼士\n機械電錶 電子電錶\n保護鎖\n電錶校驗鎖",
    "metadata": {
        "producer": "Adobe PDF library 10.01",
        "creator": "Adobe Illustrator CS6 (Macintosh)",
        "creationdate": "2015-09-30T19:47:22+08:00",
        "moddate": "2015-09-30T19:47:22+08:00",
        "title": "203x100mm_bill insert_chinese copy",
        "source": "https://www.cem-macau.com/uploads/pdf_education_Metering_equipment_zh_69c3ba52e5.pdf",
        "total_pages": 2,
        "page": 1,
        "page_label": "2"
    }
}