{
    "page_content": "一般收費\n•\n•\nA3  社會慈善機構收費\n價格\n訂定功率 功率費 電能費用\n至3.4千伏安 8.224(澳門幣)\n0.884\n(澳門幣/度)\n3.4以上至6.9千伏安 18.796(澳門幣)\n6.9千伏安以上 3.372(澳門幣/千伏安)\n電費單範例\n單位 單位價格 金額(澳門幣)\n功率費 13.8 3.372 46.53\n電費 422 0.884 373.05\n收費調整系數 422 0.26 109.72\n政府稅(0.75x 13.8) 2.80\n合共 532.1\n√\n申請條件：\n從事於社會活動的非牟利公營或私營機構；\n需附有由澳門社會工作局發出的有關從事非牟利及社\n會活動性質的文件。\n•\n• •\n•\n•\n•\n•\n•\nA1\n申請條件：\n未符合A2、A3及A4收費條件的A組收費客戶。\n價格\n訂定功率 功率費 電能費用\n至3.4千伏安 8.224(澳門幣)\n0.963\n(澳門幣/度)\n3.4以上至6.9千伏安 18.796(澳門幣)\n6.9千伏安以上 3.372(澳門幣/千伏安)\n電費單範例\n單位 單位價格 金額(澳門幣)\n功率費 6.9 18.80\n電費 250 0.963 240.75\n收費調整系數 250 0.26 65.00\n政府稅(0.75x √6.9) 2.00\n合共 326.55\n \nA2 平民收費\n價格\n訂定功率 功率費 電能費用\n至6.9千伏安 0.0(澳門幣) 0.858(澳門幣/度)\n電費單範例\n單位 單位價格 金額(澳門幣)\n電費 100 0.858 85.80\n收費調整系數 100 0.26 26.00\n政府稅(0.75x 6.9) 2.00\n合共 113.80\n√\n申請條件：\n於合約上所訂功率在6.９千伏安以下及最近6個月內的\n每月耗電量在120度或以下的客戶，將自動以此項收費\n計算。\n   A組收費1適用於以低壓電網(230/400伏特)供電的客戶：\n其訂定功率在69千伏安以下，或\n其訂定功率高於69千伏安，但未被包括在B組及C組收費內。\n 收費類別\nA1 - 一般收費\nA2 - 平民收費\nA3 - 社會慈善機構收費\nA4 - 社會援助收費\n 收費\nA組收費根據下列項目計算：\n訂定功率2 (以千伏安計算)\n供電合約所訂定的最大電力負荷，由電錶規格及其保護設\n備所控制。\n電費3 (以千瓦時(度)計算)\n於用電期間的總耗電量。\n收費調整系數4\n收費按季度而調整以反映電力生產成本上的浮動。\n政府稅5\n就每月使用電力裝置所需繳納的稅項。\n備註\n(1) 86年8月30日之第35/86/M號法令。\n(2) 2005年7月18日之第11/2005號行政法規。\n(3) 2004年8月9日之第23/2004號行政命令。  \n(4) 2007年3月19日之第5/2007號行政法規。\n(5) 稅項的計算方式按客戶電力裝置種類而定（住宅、商業或工業）。",
    "metadata": {
        "producer": "Adobe PDF library 10.01",
        "creator": "Adobe Illustrator CS6 (Macintosh)",
        "creationdate": "2019-05-27T18:49:56+08:00",
        "moddate": "2019-05-28T10:49:34+08:00",
        "title": "Tariff A_C",
        "source": "https://www.cem-macau.com/uploads/pdf_education_Tariff_A_zh_881af653dd.pdf",
        "total_pages": 2,
        "page": 1,
        "page_label": "2"
    }
}