{
    "page_content": "C組收費\nC\n組收費適用於以中壓電網供電及訂定功率不低於1,000千伏\n安或857千瓦的客戶。\nC組客戶可改變其電力收費組別，但需至少有一個月在所定的\n高用電季節月份內以該組收費繳納電費。\n \n標準電壓\n低壓 230/400伏特\n中壓 11,000伏特\n \n收費類別\nC1 -  一般收費\nC2 -  低壓計算用電的客戶\n收費\nC組收費根據下列項目計算:\n功率\n － 以千瓦作單位的功率，計算方式為：\n  0.2Pc + 0.8Pu\nPu –在所指發單月份內以千瓦記錄的最大功率數值。\n  –C2收費的客戶需繳交最大功率值的1%的附加費，用於補\n償變壓器銅損損耗。\nPc –訂定功率以千瓦作單位。\n  –當Pu超越Pc時，Pc會被修訂至Pu數值。而當Pu在12個月\n低於Pc時，Pc便會調低至Pu數值。\n有功電能\n － 以千瓦時記 錄。\n  –C2收費的客戶需繳交有功電能的1%的附加費，用於補償\n變壓器銅損損耗。\n無功電能\n － 以千乏時記 錄。\n  –在滿負荷及繁忙時間內錄取的無功電能，指從電網輸送\n到客戶裝置的無功電能。若無功電能超過在同一時段內\n應付的有功電能的60%，需繳交超過的無功電能數值；\n  –在非繁忙時間內錄取的無功電能，指由客戶裝置輸往電\n網的無功電能，將被計算在內；\n  –C2收費的客戶需繳交或減收無功電能在同一時段內應付\n的有功電能的10%的附加費，用於補償變壓器的無功電\n能耗用。其附加費將於滿負荷及繁忙時間內收取，於非\n繁忙時間內減收。",
    "metadata": {
        "producer": "Adobe PDF Library 8.0",
        "creator": "Adobe InDesign CS3 (5.0)",
        "creationdate": "2007-11-09T15:39:25+08:00",
        "moddate": "2007-11-09T15:39:28+08:00",
        "trapped": "/False",
        "source": "https://www.cem-macau.com/uploads/pdf_education_Tariff_C_zh_0da3b45407.pdf",
        "total_pages": 2,
        "page": 0,
        "page_label": "1"
    }
}