{
    "page_content": "A組收費\nA4 社會援助收費\n價格\n訂定功率 功率費 電能費用\n至6.9千伏安 0.0(澳門幣) 0.429(澳門幣/度)\n電費單範例\n單位 單位價格 金額(澳門幣)\n電費 100 0.429 42.90\n收費調整系數 100 0.26 26.00\n政府稅(0.75x 3.4) 1.40\n合共 70.30\n•\n•\n•\n申請條件：\n凡被澳門社會工作局列入社會援助計劃的住宅客戶，\n其訂定功率在6.9千伏安以下及最近6個月內的每月耗電\n量在120度或以下；\n需提供由澳門社會工作局發出的有效社會援助卡；\n一經申請，若客戶符合上述的耗電量要求，本公司將\n自動以此項收費計算。\n√\n05/2019",
    "metadata": {
        "producer": "Adobe PDF library 10.01",
        "creator": "Adobe Illustrator CS6 (Macintosh)",
        "creationdate": "2019-05-27T18:49:56+08:00",
        "moddate": "2019-05-28T10:49:34+08:00",
        "title": "Tariff A_C",
        "source": "https://www.cem-macau.com/uploads/pdf_education_Tariff_A_zh_881af653dd.pdf",
        "total_pages": 2,
        "page": 0,
        "page_label": "1"
    }
}