{
    "page_content": "澳電CEM App\n電動車專頁\n5/2024\n電動車 充電收費\n私人充電\n按每月總充電量收費。\n計算方法及價格\n請先向澳電諮詢供電可行性。\n安裝電動車充電設施\n詳情\n充電費用2\n項目\n功率費 充電量 政府稅\n電能\n費用\n收費\n調整系數\n功率費\n充電量\n根據訂定功率值(電錶大小)而計算。\n就每發單月使用電力充電的總電量。\n收費按季度而調整以反映電力生產成本上的浮動。\n就每月使用電力裝置所需繳納的稅項。\n不高於3.4千伏安 8.224 \n(澳門元)\n18.796\n(澳門元)\n3.372\n(澳門元/千伏安)高於6.9千伏安\n高於3.4但不高於6.9千伏安\n09:00 – 20:00\n20:00 – 09:00\n電能費用2\n收費調整系數\n政府稅\n了解更多\nAPK下載\n1.552\n0.817非繁忙時間\n(13個小時)\n繁忙時間\n(11個小時)\n收費時段 時間 電能費用\n(澳門元/千瓦時)",
    "metadata": {
        "producer": "Adobe PDF library 17.00",
        "creator": "Adobe Illustrator 28.5 (Macintosh)",
        "creationdate": "2024-08-08T17:09:30+08:00",
        "moddate": "2024-08-08T17:09:30+08:00",
        "title": "EMT leaflet_C",
        "source": "https://www.cem-macau.com/uploads/EMT_leaflet_C_8035564979.pdf",
        "total_pages": 2,
        "page": 0,
        "page_label": "1"
    }
}