{
    "page_content": "電動車充電 \n按運輸工具充電收費 1，適用於中壓或低壓供電，且用於電動運輸\n交通工具的充電。\n根據其耗電特點，收費分為公共充電及私人充電。\n備註\n(1) 2022年6月15日之第25/2022號行政法規。\n備註\n(2) 經第66/2024號行政長官批示修改的2024年4月15日之第105/2022號行政長官批示。\n公共充電\n按每次充電收取費用。\n計算方法及價格\n公共充電\n充電前準備\n如何充電\n充電費用2\n項目\n功率費 充電量 電能\n費用\n收費\n調整系數\n功率費\n充電量 \n單次使用電力充電的總電量。\n電能費用2\n收費按季度而調整以反映電力生產成本上的浮動。\n收費調整系數\n公共充電\n私人充電\n適用於由澳電配置於公共停車場、公共泊車處或非設於公共道\n路的泊車處的充電設施，按設施的額定輸出功率及時段收費。\n適用設置於非屬公共充電收費的充電設施且設置「時段收費」。\n慢速\n不高於7.4千瓦\n繁忙時間\n(11個小時)\n非繁忙時間\n(13個小時)\n09:00–20:00\n20:00–09:00\n2.150\n1.420\n中速\n高於7.4千瓦\n但不高於25千瓦\n全日24小時 2.980\n快速\n高於25千瓦\n全日24小時 3.440\n下載 澳電CEM App 關注澳電微信\n3\n電子錢包 信用卡* 無感支付\n於 澳電CEM App / 澳電網站 / 澳電微信建立\n充電賬戶\n以手機號碼登記\n充電前餘額最少有30澳門元 一次性繳費 預先綁定，自動繳費！\n1\n2\n個人用戶\n手機號碼853\n1\n掃瞄\n備註\n*預授權800澳門元，待充電完成後只扣取實際充電費用。\n2\n接駁\n3\n充電\n4\n再出發\n詳情\n按用戶選擇使用的充電設備預設的額定最大輸出功率計算。目前不收\n取相關費用。\n00:00–24:00\n00:00–24:00\n額定\n輸出功率 收費時段 時間 電能費用\n(澳門元/千瓦時)\n分類",
    "metadata": {
        "producer": "Adobe PDF library 17.00",
        "creator": "Adobe Illustrator 28.5 (Macintosh)",
        "creationdate": "2024-08-08T17:09:30+08:00",
        "moddate": "2024-08-08T17:09:30+08:00",
        "title": "EMT leaflet_C",
        "source": "https://www.cem-macau.com/uploads/EMT_leaflet_C_8035564979.pdf",
        "total_pages": 2,
        "page": 1,
        "page_label": "2"
    }
}