{
    "page_content": "B組收費\nB\n組收費\n1\n適用於客戶以中壓或低壓電網供電，其與本公司訂\n定的視在功率在69千伏安或以上及每月耗電量達10,000千瓦\n時或以上。\n標準電壓\n低壓\t 230/400伏特\n中壓\t 11,000伏特\n收費類別\nB1\t\n-\t\n一般收費\nB2\t\n-\t\n低壓計算用電的客戶\nB3\t\n-\t\n低壓供電的客戶\n收費\nB組收費根據下列項目計算：\n功率\n\t\n－\n\t以千瓦作單位的功率，計算方式為：\n\t 0.2Pc \t＋0.8Pu \t\nPu\t–在所指發單月份內以千瓦記錄的最大功率數值。\n\t\t –B2收費的客戶需繳交最大功率值的1%的附加費，用\n於補償變壓器銅損損耗； \t\n\t –B3收費的客戶需繳交最大功率值的2%的附加費，用\n於補償變壓器銅損損耗與低壓輸電損耗。\nPc\t–訂定功率以千瓦作單位。\n\t –當Pu超越Pc時，Pc會被修訂至Pu數值。而當Pu在\n12個月低於Pc時，Pc便會調低至Pu數值。\n有功電能\n\t－\t以千瓦時記錄。\n\t –B2收費的客戶需繳交有功電能的1%的附加費，用於\n補償變壓器銅損損耗；\n\t –B3收費的客戶需繳交有功電能的2%的附加費，用於\n補償變壓器銅損損耗與低壓輸電損耗。\n無功電能\n\t－\t以千乏時記錄。\n\t –若無功電能超過在同一時段內應付的有功電能的\n60%，此部分需繳交超過的無功電能數值。\n\t –B2及B3收費的客戶需繳交無功電能在同一時段內應\n付的有功電能的10%的附加費，用於補償變壓器的無\n功電能耗用；",
    "metadata": {
        "producer": "Adobe PDF Library 8.0",
        "creator": "Adobe InDesign CS3 (5.0)",
        "creationdate": "2007-11-09T15:38:51+08:00",
        "moddate": "2007-11-09T15:38:54+08:00",
        "trapped": "/False",
        "source": "https://www.cem-macau.com/uploads/pdf_education_Tariff_B_zh_2574dad7f3.pdf",
        "total_pages": 2,
        "page": 0,
        "page_label": "1"
    }
}