{
    "page_content": "06/2020\n為颱風季節作好準備\n接收/查詢供電訊息渠道\n‧留意澳電網站、Facebook專頁及微信分5個階段發布的訊息：\n1) 提醒準備的預警；2) 即將實施暫停供電警示；3) 已暫停供電；\n4) 開始復電；5) 完成復電。\n‧關注澳電微信並綁定電費單/網上服務帳戶或關注大廈，接收\n供電推送訊息。\n‧颱風期間，於澳電網站輸入大廈名稱查詢大廈的供電情況。\n如遇電力事故，可掃瞄二維碼向我們報告。\n颱風來臨前作好準備\n‧ 準備環保充電式或手搖式電筒；\n‧ 若家中有維持生命的電動儀器，安排後備電源或其他應變措施；\n‧ 不要把電器放近窗邊，以免被風雨沾濕受損；\n‧ 不要觸碰浸濕的電力設施；\n‧ 如室內出現水浸情況，應立即關上配電箱總掣；\n‧ 大廈供電系統可能會受水浸影響而斷電，切勿乘坐升降機。\n\n澳電微信\n 關注大廈\n 查詢停電狀態",
    "metadata": {
        "producer": "Adobe PDF library 10.01",
        "creator": "Adobe Illustrator CS6 (Macintosh)",
        "creationdate": "2020-06-04T12:50:10+08:00",
        "moddate": "2020-06-04T12:50:10+08:00",
        "title": "Typhoon_C",
        "source": "https://www.cem-macau.com/uploads/pdf_education_typhoon_C_zh_3c3a9d5ee4.pdf",
        "total_pages": 2,
        "page": 0,
        "page_label": "1"
    }
}