{
    "page_content": "B组收费\n适用于客户以中压或低压电网供电，其与本公司订定的视在功率在69千伏安或以上及每月耗电量达10,000千瓦时或以上。\n标准电压\n低压\t 230/400伏特\n中压\t 11,000伏特\n收费类别\nB1\t-\t一般收费\nB2\t-\t低压计算用电的客户\nB3\t-\t低压供电的客户\n\n收费\nB组收费根据下列项目计算：\n功率\n－以千瓦作单位的功率，计算方式为：\n\t0.2Pc ＋ 0.8Pu \t\nPu\t–在所指发单月份内以千瓦记录的最大功率数值。\n\t\t–B2收费的客户需缴交最大功率值的1%的附加费，用于补偿变压器铜损损耗； \t\n\t –B3收费的客户需缴交最大功率值的2%的附加费，用于补偿变压器铜损损耗与低压输电损耗。\nPc\t–订定功率以千瓦作单位。\n\t –当Pu超越Pc时，Pc会被修订至Pu数值。而当Pu在12个月低于Pc时，Pc便会调低至Pu数值。\n有功电能\n－\t以千瓦时记录。\n\t–B2收费的客户需缴交有功电能的1%的附加费，用于补偿变压器铜损损耗；\n\t–B3收费的客户需缴交有功电能的2%的附加费，用于补偿变压器铜损损耗与低压输电损耗。\n无功电能\n－\t以千乏时记录。\n\t–若无功电能超过在同一时段内应付的有功电能的60%，此部分需缴交超过的无功电能数值。\n\t –B2及B3收费的客户需缴交无功电能在同一时段内应付的有功电能的10%的附加费，用于补偿变压器的无功电能耗用；\nB组收费条件以及计算方法",
    "metadata": {
        "producer": "Adobe PDF Library 8.0",
        "creator": "Adobe InDesign CS3 (5.0)",
        "creationdate": "2007-11-09T15:38:51+08:00",
        "moddate": "2007-11-09T15:38:54+08:00",
        "trapped": "/False",
        "source": "https://www.cem-macau.com/uploads/pdf_education_Tariff_B_zh_2574dad7f3.pdf",
        "total_pages": 2,
        "page": 0,
        "page_label": "1"
    }
}