{
    "page_content": "\n公共充电\n按每次充电收取费用。\n充电费用\n功率费+【电能费用 + 【政府税 + 收费调整系数】 】\n功率费\n按用户选择使用的充电设备预设的额定最大输出功率计算。目前不收取相关费用。\n充电量\n单次使用电力充电的总电量。\n电能费用\n额定输出功率              收费时段           时间           电能费用(澳门元/千瓦时)\n慢速（不高于7.4千瓦）      繁忙时间(11个小时)  09:00–20:00    2.150 \n                        非繁忙时间(13个小时)20:00–09:00    1.420\n中速（高于7.4千瓦，但不高于25千瓦）        全日24小时          2.980\n快速（高于25千瓦）                       全日24小时          3.440\n收费调整系数\n收费按季度而调整以反映电力生产成本上的浮动。\n备注\n(2) 经第66/2024号行政长官批示修改的2024年4月15日之第105/2022号行政长官批示。\n\n公共充电流程\n充电前准备\n1 下载 澳电CEM App 关注澳电微信\n2   于 澳电CEM App / 澳电网站 / 澳电微信建立充电账户 用手机号码建立个人用户\n3 \n电子钱包-   充电前余额最少有30澳门元\n信用卡-     一次性缴费\n无感支付-   预先绑定，自动缴费！\n\n如何充电\n1 扫瞄\n2 接驳\n3 充电\n4 再出发\n详情刷二维码\n备注\n*预授权800澳门元，待充电完成后只扣取实际充电费用。\n公共充电费用计算，具体费用以及充电流程",
    "metadata": {
        "producer": "Adobe PDF library 17.00",
        "creator": "Adobe Illustrator 28.5 (Macintosh)",
        "creationdate": "2024-08-08T17:09:30+08:00",
        "moddate": "2024-08-08T17:09:30+08:00",
        "title": "EMT leaflet_C",
        "source": "https://www.cem-macau.com/uploads/EMT_leaflet_C_8035564979.pdf",
        "total_pages": 2,
        "page": 1,
        "page_label": "2"
    }
}