{
    "page_content": "A组收费\nA2 平民收费\n申请条件：\n•   于合约上所订功率在6.９千伏安以下及最近6个月内的每月耗电量在120度或以下的客户，将自动以此项收费计算。\n价格\n订定功率    功率费      电能费用\n至6.9千伏安 0.0(澳门币) 0.858(澳门币/度)\n电费单范例\n            单位        单位价格    金额(澳门币)\n电费         100        0.858       85.80\n收费调整系数  100         0.26        26.00\n政府税(0.75x √6.9)                    2.00\n合共                                113.80\nA组A2平民收费条件以及具体费用",
    "metadata": {
        "producer": "Adobe PDF library 10.01",
        "creator": "Adobe Illustrator CS6 (Macintosh)",
        "creationdate": "2019-05-27T18:49:56+08:00",
        "moddate": "2019-05-28T10:49:34+08:00",
        "title": "Tariff A_C",
        "source": "https://www.cem-macau.com/uploads/pdf_education_Tariff_A_zh_881af653dd.pdf",
        "total_pages": 2,
        "page": 1,
        "page_label": "2"
    }
}