{
    "page_content": "A组收费\nA4 社会援助收费\n申请条件：\n•   凡被澳门社会工作局列入社会援助计划的住宅客户，其订定功率在6.9千伏安以下及最近6个月内的每月耗电量在120度或以下；\n•   需提供由澳门社会工作局发出的有效社会援助卡；\n•   一经申请，若客户符合上述的耗电量要求，本公司将自动以此项收费计算。\n\n价格\n订定功率    功率费      电能费用\n至6.9千伏安 0.0(澳门币) 0.429(澳门币/度)\n电费单范例\n            单位    单位价格 金额(澳门币)\n电费         100    0.429   42.90\n收费调整系数  100     0.26    26.00\n政府税(0.75x √3.4)            1.40\n合共                         70.30\nA组A4社会援助收费条件以及具体费用",
    "metadata": {
        "producer": "Adobe PDF library 10.01",
        "creator": "Adobe Illustrator CS6 (Macintosh)",
        "creationdate": "2019-05-27T18:49:56+08:00",
        "moddate": "2019-05-28T10:49:34+08:00",
        "title": "Tariff A_C",
        "source": "https://www.cem-macau.com/uploads/pdf_education_Tariff_A_zh_881af653dd.pdf",
        "total_pages": 2,
        "page": 0,
        "page_label": "1"
    }
}