{
    "page_content": "认识电表装置的安全标准\n\n为何电表装置必须上锁？\n为确保电表的正常运作，所有电表装置在任何情况下均须上锁。除可保护电表装置，避免露出带电部分之外，亦可防止他人改动电表。\n下图为两种常见电表装置（机械电表，电子电表）上锁的安全标准︰\n-   保护锁\n-   电表校验锁\n\n安全小贴士\n如发现下列情况，应立即致电资询通  2833 9911 与我们联系︰\n•   电表的保护锁被移除、损毁或开启\n•   有物件在干扰电表正常运作\n•   电表的任何部份出现损毁情况\n切勿擅自打开电表盖或干扰电表的正常运作，以免触电。\n保持电表装置周围环境的安全和清洁，并确保电表箱和电表板完整无损。\n如需更改电表装置的位置或加大电表，必须向澳电申请，切勿自行更改。\n如需中断单位内的电力供应，切勿关上电表装置的断路器（跳掣），而应关掉单位内电力总掣箱的总开关。\n认识电表装置的安全标准",
    "metadata": {
        "producer": "Adobe PDF library 10.01",
        "creator": "Adobe Illustrator CS6 (Macintosh)",
        "creationdate": "2015-09-30T19:47:22+08:00",
        "moddate": "2015-09-30T19:47:22+08:00",
        "title": "203x100mm_bill insert_chinese copy",
        "source": "https://www.cem-macau.com/uploads/pdf_education_Metering_equipment_zh_69c3ba52e5.pdf",
        "total_pages": 2,
        "page": 1,
        "page_label": "2"
    }
}