{
    "page_content": "更改订定功率 (电表大小)\n申请人(1):\n必须为电能供应合约持有人\n所需文件(2):\n1.申请人身份证明文件副本 (3)(4)\n2.如有需要，另须提供最近三个月发出的查屋纸以供审批\n如申请单位为非住宅用途，另须提供:\n1.电力装置位置图(7)（适用于申请功率高于20.7千伏安）\n2.「电力装置用途/电业工程人员声明书」 (8)及其身份证明文\n件副本\n3.土地工务局发出以申请人及订定功率申请的电力装置使用\n准照(9)\n应付费用:\n1.若所申请的功率高于该楼宇所注册的最大功率时，需缴交\n附加之电缆接驳费\n2.工程费用(如需要)\n3.新旧按金的差额\n所需时间:\n四个工作天内完成(10)(11)\n更改订定功率 (电表大小)的申请条件以及申请流程",
    "metadata": {
        "producer": "Adobe PDF library 17.00",
        "creator": "Adobe Illustrator 29.1 (Macintosh)",
        "creationdate": "2025-01-03T16:43:23+08:00",
        "moddate": "2025-01-03T16:43:23+08:00",
        "title": "Supply_Application_C",
        "source": "https://www.cem-macau.com/uploads/Supply_Application_C_ad36fcd27b.pdf",
        "total_pages": 2,
        "page": 1,
        "page_label": "2"
    }
}