{
    "page_content": "C组收费\n收费调整系数\n1\n－收费按季度而调整以反映电力生产成本上的浮动。\n政府税\n － 就每月使用电力装置所需缴纳的税项。\n收费季节\n高用电季节  6月至9月\n低用电季节  10月至5月\n收费时段\n满负荷时间  10:30 - 13:00；14:30 - 16:00\n繁忙时间  09:30 - 10:30；13:00 - 14:30；16:00 - 20:30\n非繁忙时间  00:00 - 09:30；20:30 - 24:00\n价格\n2\n \n        C1 收费     C2 收费\n功率费   19.797     21.484 (澳门币/千瓦)\n                    C1 收费     C2 收费\n有功电能  高用电季节   满负荷时间   1.432(澳门币/千瓦时)\n有功电能             繁忙时间     0.885(澳门币/千瓦时)\n                    非繁忙时间   0.749(澳门币/千瓦时)\n        低用电季节    满负荷时间   0.776(澳门币/千瓦时)\n                    繁忙时间     0.776(澳门币/千瓦时)\n                    非繁忙时间   0.724(澳门币/千瓦时)\n无功电能  高用电季节   满负荷时间   0.348(澳门币/千乏时)\n                    繁忙时间     0.348(澳门币/千乏时)\n                    非繁忙时间   0.116(澳门币/千乏时)\n        低用电季节    满负荷时间   0.348(澳门币/千乏时)\n                    繁忙时间     0.348(澳门币/千乏时)\n                    非繁忙时间   0.116(澳门币/千乏时)\n\n善用电力的建议\n•尽量利用非繁忙时间用电。 \n•透过安装设备，如电容器，借以减少无  功电能的消耗。\n•尽量减少同一时间内使用电力设备以降低功率费。 \n\n备注：\n1 2007年3月19日之第5/2007号行政法规。\n2 2004年8月9日之第23/2004号行政指令。\nB组收费具体费用，C1，C2",
    "metadata": {
        "producer": "Adobe PDF Library 8.0",
        "creator": "Adobe InDesign CS3 (5.0)",
        "creationdate": "2007-11-09T15:39:25+08:00",
        "moddate": "2007-11-09T15:39:28+08:00",
        "trapped": "/False",
        "source": "https://www.cem-macau.com/uploads/pdf_education_Tariff_C_zh_0da3b45407.pdf",
        "total_pages": 2,
        "page": 1,
        "page_label": "2"
    }
}