{
    "page_content": "电动车 充电收费\n了解更多：\n-   澳电CEM App\n-   电动车专页\n私人充电\n按每月总充电量收费。\n计算方法及价格\n充电费用\n功率费+【电能费用 + 【政府税 + 收费调整系数】 】+ 政府税\n项目\n根据订定功率值(电表大小)而计算。\n功率费 \n根据订定功率值(电表大小)而计算。\n不高于3.4千伏安            8.224 (澳门元)\n高于3.4但不高于6.9千伏安    18.796 (澳门元)\n高于6.9千伏安              3.372(澳门元/千伏安)\n充电量\n就每发单月使用电力充电的总电量。\n繁忙时间(11个小时)  09:00 – 20:00   1.552\n非繁忙时间(13个小时) 20:00 – 09:00  0.817\n收费调整系数\n收费按季度而调整以反映电力生产成本上的浮动。\n政府税\n就每月使用电力装置所需缴纳的税项。\n\n安装电动车充电设施\n请先向澳电咨询供电可行性。\n电动车私人充电收费计算以及具体费用",
    "metadata": {
        "producer": "Adobe PDF library 17.00",
        "creator": "Adobe Illustrator 28.5 (Macintosh)",
        "creationdate": "2024-08-08T17:09:30+08:00",
        "moddate": "2024-08-08T17:09:30+08:00",
        "title": "EMT leaflet_C",
        "source": "https://www.cem-macau.com/uploads/EMT_leaflet_C_8035564979.pdf",
        "total_pages": 2,
        "page": 0,
        "page_label": "1"
    }
}