{
    "page_content": "电动车充电 \n按运输工具充电收费 1，适用于中压或低压供电，且用于电动运输交通工具的充电。\n根据其耗电特点，收费分为公共充电及私人充电。\n分类\n公共充电\n适用于由澳电配置于公共停车场、公共泊车处或非设于公共道路的泊车处的充电设施，按设施的额定输出功率及时段收费。\n私人充电\n适用设置于非属公共充电收费的充电设施且设置「时段收费」。\n备注\n(1) 2022年6月15日之第25/2022号行政法规。\n电动车充电简介以及分类，公共充电，私人充电",
    "metadata": {
        "producer": "Adobe PDF library 17.00",
        "creator": "Adobe Illustrator 28.5 (Macintosh)",
        "creationdate": "2024-08-08T17:09:30+08:00",
        "moddate": "2024-08-08T17:09:30+08:00",
        "title": "EMT leaflet_C",
        "source": "https://www.cem-macau.com/uploads/EMT_leaflet_C_8035564979.pdf",
        "total_pages": 2,
        "page": 1,
        "page_label": "2"
    }
}