{
    "page_content": "** 一站式中小企电力支援服务 **\n澳电全力支持澳门特区政府对旧城区的活化改造倡议，并已作好准备推出一站式中小企电力支援服务，协助改善区内的营商环境，满足不同的用电需求。\n专人跟进\n专人跟进进度，适时提供协助，提高效率。客户亦可随时透过澳电APP追踪申请进度。\n如欲申请电力供应、合约转名或加大/减细电表，可于澳电网上服务办理，或致电专线：2833 9930、特设电邮地址sme.supports@cem-macau.com 与我们联络。\n\n电力技术咨询服务\n根据商户的店铺大小及业务性质等，为客户提供精准用电需求评估及分析，避免申请过多用电量。\n即时电力评估\n\n完善的电业承办商名单\n客户可于澳电网站选择合适的注册电业承办商施工，保障工程质量及缩短工期。\n电业承办商名单\n一站式中小企电力支援服务",
    "metadata": {
        "producer": "Adobe PDF library 17.00",
        "creator": "Adobe Illustrator 28.4 (Macintosh)",
        "creationdate": "2024-04-10T12:16:18+08:00",
        "moddate": "2024-04-10T12:16:18+08:00",
        "title": "Revitalization of 6 areas",
        "source": "https://www.cem-macau.com/uploads/Revitalization_of_6_areas_edee2cecb0.pdf",
        "total_pages": 2,
        "page": 1,
        "page_label": "2"
    }
}