{
    "page_content": "C组收费\nC组收费适用于以中压电网供电及订定功率不低于1,000千伏安或857千瓦的客户。\nC组客户可改变其电力收费组别，但需至少有一个月在所定的高用电季节月份内以该组收费缴纳电费。\n \n标准电压\n低压 230/400伏特\n中压 11,000伏特\n \n收费类别\nC1 -  一般收费\nC2 -  低压计算用电的客户\n收费\nC组收费根据下列项目计算:\n功率\n － 以千瓦作单位的功率，计算方式为：\n    0.2Pc + 0.8Pu\nPu  –在所指发单月份内以千瓦记录的最大功率数值。\n    –C2收费的客户需缴交最大功率值的1%的附加费，用于补偿变压器铜损损耗。\nPc  –订定功率以千瓦作单位。\n    –当Pu超越Pc时，Pc会被修订至Pu数值。而当Pu在12个月低于Pc时，Pc便会调低至Pu数值。\n有功电能－ 以千瓦时记 录。\n  –C2收费的客户需缴交有功电能的1%的附加费，用于补偿变压器铜损损耗。\n无功电能－ 以千乏时记 录。\n  –在满负荷及繁忙时间内录取的无功电能，指从电网输送到客户装置的无功电能。若无功电能超过在同一时段内应付的有功电能的60%，需缴交超过的无功电能数值；\n  –在非繁忙时间内录取的无功电能，指由客户装置输往电网的无功电能，将被计算在内；\n  –C2收费的客户需缴交或减收无功电能在同一时段内应付的有功电能的10%的附加费，用于补偿变压器的无功电能耗用。其附加费将于满负荷及繁忙时间内收取，于非繁忙时间内减收。\nC组收费条件以及计算方法",
    "metadata": {
        "producer": "Adobe PDF Library 8.0",
        "creator": "Adobe InDesign CS3 (5.0)",
        "creationdate": "2007-11-09T15:39:25+08:00",
        "moddate": "2007-11-09T15:39:28+08:00",
        "trapped": "/False",
        "source": "https://www.cem-macau.com/uploads/pdf_education_Tariff_C_zh_0da3b45407.pdf",
        "total_pages": 2,
        "page": 0,
        "page_label": "1"
    }
}