{
    "page_content": "检查电表\n申请人:\n任何客户\n所需文件:\n无\n应付费用:\n若确实电表运作正常，本公司将于下月电费单内收取澳门币\n100元的检查费\n所需时间:\n四个工作天内完成(10)\n备注: \n(1) 如申请人未能亲身办理申请，可签署授权书以委托他人代办。\n(2) 如申请涉及合并单位，另须提供土地工务局核准的更改工程(修改)计划。\n(3) 澳门居民身份证、香港居民身份证、中华人民共和国居民身份证或各国护照。\n(4) 如申请人为公司/社团，须提供最近三个月发出的公司商业/社团登记副本及其电能供\n应合约须由法定代表人签署。\n(5) 如最近三个月发出的查屋纸仍未更改为新的业权人，客户可再递交经律师见证的买卖楼\n宇合约／银行三方约／屋契／物业转移税单（M1&M2）副本作参考，但需审批。\n(6) 如以租户身份申请，则无需提供业权人的身份证明文件副本。\n(7) 位置图须清晰显示客户电力装置及电表的所在位置。如有需要，需提供进一步的资料。\n(8) 此声明书须由申请人或公司/社团的法定代表人签署。「电业工程人员声明书」部份只\n适用于具备电力装置使用准照的供电申请及更改订定功率申请。\n(9) 指电力装置属第35/2011号行政法规的适用范围内。\n(10)指澳电可自由进出电力装置处。\n(11)不涉及任何客户或澳电工程，并已缴付相应费用。\n(12)申请单位必须为空置。\n(13)指澳电已确认申请人所提交之文件，并已缴付相应费用。\n澳电APP\n检查电表的申请条件以及申请流程",
    "metadata": {
        "producer": "Adobe PDF library 17.00",
        "creator": "Adobe Illustrator 29.1 (Macintosh)",
        "creationdate": "2025-01-03T16:43:23+08:00",
        "moddate": "2025-01-03T16:43:23+08:00",
        "title": "Supply_Application_C",
        "source": "https://www.cem-macau.com/uploads/Supply_Application_C_ad36fcd27b.pdf",
        "total_pages": 2,
        "page": 0,
        "page_label": "1"
    }
}