{
    "page_content": "为台风季节作好准备\n接收/查询供电讯息渠道\n‧留意澳电网站、Facebook专页及微信分5个阶段发布的讯息：\n1 提醒准备的预警；\n2 即将实施暂停供电警示；\n3 已暂停供电；\n4 开始复电；\n5 完成复电。\n‧关注澳电微信并绑定电费单/网上服务帐户或关注大厦，接收供电推送讯息。\n‧台风期间，于澳电网站输入大厦名称查询大厦的供电情况。\n如遇电力事故，可扫瞄二维码向我们报告。\n台风来临前作好准备\n‧ 准备环保充电式或手摇式电筒；\n‧ 若家中有维持生命的电动仪器，安排后备电源或其他应变措施；\n‧ 不要把电器放近窗边，以免被风雨沾湿受损；\n‧ 不要触碰浸湿的电力设施；\n‧ 如室内出现水浸情况，应立即关上配电箱总掣；\n‧ 大厦供电系统可能会受水浸影响而断电，切勿乘坐升降机。\n\n‧ 澳电微信\n‧ 关注大厦\n‧ 查询停电状态\n为台风季节作好准备，澳电接收/查询供电讯息渠道",
    "metadata": {
        "producer": "Adobe PDF library 10.01",
        "creator": "Adobe Illustrator CS6 (Macintosh)",
        "creationdate": "2020-06-04T12:50:10+08:00",
        "moddate": "2020-06-04T12:50:10+08:00",
        "title": "Typhoon_C",
        "source": "https://www.cem-macau.com/uploads/pdf_education_typhoon_C_zh_3c3a9d5ee4.pdf",
        "total_pages": 2,
        "page": 0,
        "page_label": "1"
    }
}