{
    "page_content": "B组收费\n收费调整系数\n－     收费按季度而调整以反映电力生产成本上的浮动。\n政府税\n－\t就每月使用电力装置所需缴纳的税项。\n收费时段\n繁忙时间      09:00 - 20:00\n非繁忙时间\t00:00 - 09:00；20:00 - 24:00\n价格\n3\n       B1 收费       B2，B3 收费\n功率费  19.797         21.484  (澳门币/千瓦)\n有功电能 (澳门币/千瓦时)\n繁忙时间\t0.874  \n非繁忙时间    0.767\n无功电能 (澳门币/千乏时)\n繁忙时间\t0.348  \n非繁忙时间    0.116\n善用电力的建议\n尽量利用非繁忙时间用电。\t•\n透过安装设备，如电容器，借以减少无功电能的消耗。\n尽量减少同一时间内使用电力设备以降低功率费。\t•\n       TB200709C/ND\n备注：\n1\t86年8月30日之第35/86/M号法令。\n2\t2007年3月19日之第5/2007号行政法规。\n3\t2004年8月9日之第23/2004号行政指令。\nB组收费具体费用，B1，B2，B3",
    "metadata": {
        "producer": "Adobe PDF Library 8.0",
        "creator": "Adobe InDesign CS3 (5.0)",
        "creationdate": "2007-11-09T15:38:51+08:00",
        "moddate": "2007-11-09T15:38:54+08:00",
        "trapped": "/False",
        "source": "https://www.cem-macau.com/uploads/pdf_education_Tariff_B_zh_2574dad7f3.pdf",
        "total_pages": 2,
        "page": 1,
        "page_label": "2"
    }
}