{
    "page_content": "退还按金\n申请条件:\n有关之电能供应合约已终止及申请人名下单位没有任何尚未\n缴付的费用\n申请人:\n必须为电能供应合约持有人\n所需文件:\n所需时间:\n除现金可即时退款外，其他退款方式可于三个工作天内完成\n退款类别 个人名称 公司名称\n现金退款(退款金额\n低于澳门币2,500)\n支票退款\n银行户口转账退款\n转至客户名下另一\n电费单\n• 合约持有人证件正本(1)\n•合约持有人证件副本 (1)(3)\n•合约持有人证件副本 (3)\n•银行户口号码或存折簿的\n副本\n•合约持有人证件副本 (3)\n•客户名下另一合约号码或\n电费单副本\n• 不适用\n•公司图章\n•代表人证件副本(3)\n•公司图章\n•代表人证件副本(3)\n• 银行户口号码或存折\n簿的副本\n•公司图章\n•代表人证件副本(3)\n•客户名下的另一合约\n号码或电费单副本\n退还按金的申请条件以及申请流程",
    "metadata": {
        "producer": "Adobe PDF library 17.00",
        "creator": "Adobe Illustrator 29.1 (Macintosh)",
        "creationdate": "2025-01-03T16:43:23+08:00",
        "moddate": "2025-01-03T16:43:23+08:00",
        "title": "Supply_Application_C",
        "source": "https://www.cem-macau.com/uploads/Supply_Application_C_ad36fcd27b.pdf",
        "total_pages": 2,
        "page": 1,
        "page_label": "2"
    }
}