{
    "page_content": "为台风季节作好准备\n为澳门居民提供可靠和稳定的供电一直是澳电的首要目标，为应对\n极端天气，澳电已制定多项针对低洼地区的改善措施。\n澳电的持续改善工作\n‧ 优化中压电网结构，升高电力设备，尽力缩减受停电影响的范围；\n‧ 在客户变电站内安装防水闸、加强密封电缆入口、装设洪水警报系统、水淹感应器及抽水泵等。\n客户负责的范围\n大厦内的公用电力设施（如下图所示）属业主共同拥有，一般安装在大厦入口地面层，建议位于低洼地区的客户将其升高，提升防灾抗灾能力。\n大厦业主们应聘用有经验的电业承办商进 行升高工程，并电邮至澳电customer.centre@cem-macau.com提出申请，我们会为相关工程的设计安装进行评估及提供技术支援。\n暂停供电措施\n为保障市民安全，避免电力设施损毁和加快水退后复电，澳电会根据澳门地球物理气象局对风暴潮的分级指引及实际水浸情况实行暂停供电措施，有机会实施暂停供电措施的范围及示意图如下：\n黄色风暴潮警告\n-   估计水位高于路面 0.5至1.0米\n-   青洲、关闸广场隧道、台山、筷子基、红街市、沙梨头、新桥、光复街、内港、康公庙、新马路中段近康公庙、内港客运码头、司打口、下环、妈阁及部份近岸地区\n橙色风暴潮警告\n-   估计水位高于路面 1至1.5米\n-   青洲、菜园涌、关闸广场隧道、马场北大马路、台山、祐汉街市、筷子基、莲峰球场、红街市、林茂塘、沙梨头 、新桥、光复街、三盏灯、高士德大马路近红街市、内港、康公庙、新马路中段近康公庙、内港客运码头、司打口、下环、妈阁及部份近岸地区\n红色风暴潮警告\n-   估计水位高于路面 1.5至2.5米\n-   青洲、菜园涌、关闸广场隧道、台山、祐汉、黑沙环、筷子基、红街市、林茂塘、沙梨头、新桥、光复街、三盏灯、高士德大马路近红街市、内港、康公庙、新马路中段近康公庙、内港客运码头、司打口、下环、妈阁、旅游塔、终审法院、政府总部、殷皇子大马路、亚马喇前地、皇朝、友谊大马路、外港客运码头及近岸地区\n黑色风暴潮警告\n-   估计水位高于路面 2.5米以上\n-   由于黑色风暴潮未有设定水浸的最高水位高度，暂停供电地区需按届时水位高度而决定。\n此外，强台风亦有机会导致路环的架空电缆倒塌及出现水浸情况，市民应为台风来临作好准备。\n为台风季节作好准备",
    "metadata": {
        "producer": "Adobe PDF library 10.01",
        "creator": "Adobe Illustrator CS6 (Macintosh)",
        "creationdate": "2020-06-04T12:50:10+08:00",
        "moddate": "2020-06-04T12:50:10+08:00",
        "title": "Typhoon_C",
        "source": "https://www.cem-macau.com/uploads/pdf_education_typhoon_C_zh_3c3a9d5ee4.pdf",
        "total_pages": 2,
        "page": 1,
        "page_label": "2"
    }
}