{
    "page_content": "终止合约\n申请人(1):\n必须为电能供应合约持有人或业权人\n所需文件:\n1. 申请人身份证明文件副本 (3)(4)\n2. 电费单\n如申请人为现时业权人，另须提供:\n最近三个月发出的查屋纸 (5)\n应付费用:\n需缴清该单位尚未缴付的电费\n所需时间:\n四个工作天内完成(10)(11)(12)\n终止合约的申请条件以及申请流程",
    "metadata": {
        "producer": "Adobe PDF library 17.00",
        "creator": "Adobe Illustrator 29.1 (Macintosh)",
        "creationdate": "2025-01-03T16:43:23+08:00",
        "moddate": "2025-01-03T16:43:23+08:00",
        "title": "Supply_Application_C",
        "source": "https://www.cem-macau.com/uploads/Supply_Application_C_ad36fcd27b.pdf",
        "total_pages": 2,
        "page": 1,
        "page_label": "2"
    }
}