{
    "page_content": "A组收费\nA3  社会慈善机构收费\n申请条件：\n•   从事于社会活动的非牟利公营或私营机构；\n•   需附有由澳门社会工作局发出的有关从事非牟利及社会活动性质的文件。\n价格\n订定功率            功率费              电能费用\n至3.4千伏安         8.224(澳门币)       0.884 (澳门币/度)\n3.4以上至6.9千伏安  18.796(澳门币)       0.884 (澳门币/度)\n6.9千伏安以上       3.372(澳门币/千伏安)  0.884 (澳门币/度)\n电费单范例\n            单位    单位价格 金额(澳门币)\n功率费       13.8    3.372     46.53\n电费         422     0.884     373.05\n收费调整系数  422      0.26     109.72\n政府税(0.75x √13.8)              2.80\n合共                            532.1\nA组A3社会慈善机构收费条件以及具体费用",
    "metadata": {
        "producer": "Adobe PDF library 10.01",
        "creator": "Adobe Illustrator CS6 (Macintosh)",
        "creationdate": "2019-05-27T18:49:56+08:00",
        "moddate": "2019-05-28T10:49:34+08:00",
        "title": "Tariff A_C",
        "source": "https://www.cem-macau.com/uploads/pdf_education_Tariff_A_zh_881af653dd.pdf",
        "total_pages": 2,
        "page": 1,
        "page_label": "2"
    }
}