{
    "page_content": "A组收费\nA1 一般收费\n申请条件：\n•   未符合A2、A3及A4收费条件的A组收费客户。\n价格\n订定功率            功率费              电能费用\n至3.4千伏安         8.224(澳门币)       0.963 (澳门币/度)\n3.4以上至6.9千伏安   18.796(澳门币)      0.963 (澳门币/度)\n6.9千伏安以上       3.372(澳门币/千伏安)  0.963 (澳门币/度)\n电费单范例\n            单位 单位价格 金额(澳门币)\n功率费       6.9         18.80\n电费         250 0.963   240.75\n收费调整系数  250  0.26    65.00\n政府税(0.75x √6.9)         2.00\n合共                       326.55\nA组A1一般收费条件以及具体费用",
    "metadata": {
        "producer": "Adobe PDF library 10.01",
        "creator": "Adobe Illustrator CS6 (Macintosh)",
        "creationdate": "2019-05-27T18:49:56+08:00",
        "moddate": "2019-05-28T10:49:34+08:00",
        "title": "Tariff A_C",
        "source": "https://www.cem-macau.com/uploads/pdf_education_Tariff_A_zh_881af653dd.pdf",
        "total_pages": 2,
        "page": 1,
        "page_label": "2"
    }
}