{
    "page_content": "合约转名\n申请人(1):\n必须为业权人或租户\n所需文件:\n1.业权人身份证明文件副本 (3)(4)\n2.最近三个月发出的查屋纸 (5)\n3.电费单\n如申请人为租户，另须提供:\n1.租户的身份证明文件副本 (3)(4)\n2.已公证的租约副本 (6)\n如申请单位为非住宅用途，另须提供:\n「电力装置用途/电业工程人员声明书」 (8) 及土地工务局发出\n以申请人及订定功率申请的电力装置使用准照 (9)\n应付费用:\n1.申请合约尚未缴付的电费\n2.按金(根据所申请的订定功率收取)\n所需时间:\n即时生效 (13)\n合约转名的申请条件以及申请流程",
    "metadata": {
        "producer": "Adobe PDF library 17.00",
        "creator": "Adobe Illustrator 29.1 (Macintosh)",
        "creationdate": "2025-01-03T16:43:23+08:00",
        "moddate": "2025-01-03T16:43:23+08:00",
        "title": "Supply_Application_C",
        "source": "https://www.cem-macau.com/uploads/Supply_Application_C_ad36fcd27b.pdf",
        "total_pages": 2,
        "page": 1,
        "page_label": "2"
    }
}