{
    "page_content": "A组收费\n适用于以低压电网(230/400伏特)供电的客户：\n•   其订定功率在69千伏安以下，或\n•   其订定功率高于69千伏安，但未被包括在B组及C组收费内。\n\n收费类别\nA1 - 一般收费\nA2 - 平民收费\nA3 - 社会慈善机构收费\nA4 - 社会援助收费\n\n收费\nA组收费根据下列项目计算：\n订定功率2 (以千伏安计算)\n•   供电合约所订定的最大电力负荷，由电表规格及其保护设备所控制。\n电费 (以千瓦时(度)计算)\n•   于用电期间的总耗电量。\n收费调整系数\n•   收费按季度而调整以反映电力生产成本上的浮动。\n政府税\n•   就每月使用电力装置所需缴纳的税项。\n备注\n(1) 86年8月30日之第35/86/M号法令。\n(2) 2005年7月18日之第11/2005号行政法规。\n(3) 2004年8月9日之第23/2004号行政命令。  \n(4) 2007年3月19日之第5/2007号行政法规。\n(5) 税项的计算方式按客户电力装置种类而定（住宅、商业或工业）。\nA组收费方法以及记算",
    "metadata": {
        "producer": "Adobe PDF library 10.01",
        "creator": "Adobe Illustrator CS6 (Macintosh)",
        "creationdate": "2019-05-27T18:49:56+08:00",
        "moddate": "2019-05-28T10:49:34+08:00",
        "title": "Tariff A_C",
        "source": "https://www.cem-macau.com/uploads/pdf_education_Tariff_A_zh_881af653dd.pdf",
        "total_pages": 2,
        "page": 1,
        "page_label": "2"
    }
}