{
    "page_content": "定期检查大厦公共 电力装置\n拥有舒适安乐窝，由大厦电力装置保养开始\n大厦内的公共电力装置（包括低压总配电柜、上升总掣板、电表箱、上升总线及上升线分线箱）属业主共同拥有，各业主需负责定期对大厦电力装置进行检查及维修保养，以确保电力装置正常运作及避免发生事故。\n检查时应注意：\n-   电力装置是否有可见损毁，带电部分是否外露\n-   附近是否有漏水情况\n-   低压总配电柜、上升总掣板、上升总线及上升线分线箱是否处于良好状态\n如大厦总掣的维修或更换工程涉及停电与复电，可致电「资询通」 2833 9911联络我们安排协助，在完成检修工程后业主应要求电力承办商提交报告。\n为居民提供可靠及安全的供电服务，我们继续做好公共输配电网络及其相关供电设施包括主变电站、客户变电房等的保养及维修工作。\n各业主应雇用本澳有经验的电力承办商进行检查和维修工作，如欲查询承办商名单可登入澳电网站www.cem -macau.com\n定期检查大厦公共电力装置，维修",
    "metadata": {
        "producer": "Adobe PDF library 10.01",
        "creator": "Adobe Illustrator CS6 (Macintosh)",
        "creationdate": "2016-10-17T17:37:19+08:00",
        "moddate": "2016-10-17T17:37:19+08:00",
        "title": "Oct-building_C",
        "source": "https://www.cem-macau.com/uploads/pdf_education_Building_zh_41150ff0d2.pdf",
        "total_pages": 2,
        "page": 1,
        "page_label": "2"
    }
}