{
    "page_content": "长者电费援助计划\n澳电致力履行企业社会责任，提供合资格的长者客户每月首88度电的11%折扣优惠。\n申请条件：\n1 持有颐老咭的澳门永久居民；\n2 所登记的安装地址*必须为住宅用途；\n3 收费类别为A1或A2的客户。\n*每张颐老咭只能登记一个安装地址\n所需文件：\n1 澳门永久居民身份证；\n2 颐老咭；\n3 住址证明或声明书；及\n4 该住址的最新一期电费单。\n查询详情，欢迎致电资询通 2833 9911 。\n\nSenior Citizen Support Program\nCEM strives to demonstrate our commitment to the social interest of the community. Eligible senior customers can enjoy an 11% discount on the first 88 kWh of electricity consumption.\nApplication requirements\n1 Permanent Macau resident and holder of Senior Citizen Card; \n2 The registered installation address* must be for residential use;\n3 Tariff A1 or A2 customer\n*Only one installation address can be registered per Senior Citizen Card\nRequired documents\n1 Macau Permanent Resident Identity Card;\n2 Senior Citizen Card;\n3 Evidence or declaration of household address; and\n4 Latest electricity bill of declared household address.\n长者电费援助计划申请条件以及流程",
    "metadata": {
        "producer": "Adobe PDF library 16.03",
        "creator": "Adobe Illustrator 26.0 (Macintosh)",
        "creationdate": "2022-01-28T11:48:40+08:00",
        "moddate": "2022-01-28T11:48:40+08:00",
        "title": "2022-01_Senior Citizen_CPE",
        "source": "https://www.cem-macau.com/uploads/pdf_education_2022_01_Senior_Citizen_zh_3ff3f287a7.pdf",
        "total_pages": 2,
        "page": 1,
        "page_label": "2"
    }
}