{
    "page_content": "79Standard Conditions of Supply of Electricity Ė\n13.2 The Customer is responsible and shall bear the cost of maintenance, \nrepair and restoration involving the installation operated by the \nsame, as well as service-entrance line, collective line distributing \nboxes, collective line and main collective switchboard or the main \nlow-voltage switchboard, which are connected to the Customer’s \ninstallation.\n13.3 The Company is responsible and shall bear the cost of maintenance, \nrepair and replacement concerning the metering systems and protection \ndevices pertaining thereto, except if the detected malfunction results \nfrom negligence or lack of care on the part of the Customer, in which \ncase the costs shall be borne by the latter.\n13.4 By express agreement between the parties, included in the supply \ncontract, the Customer may undertake the responsibility to maintain, \nrepair and restore the switching and transformer substation that serve \nexclusively its premises.\n13.5 The Company reserves the right to claim compensation for material \ndamage caused to the meter or any other equipment owned by the \nsame and placed in the Customer’s premises, provided the liability of \nthe latter may be proven.\n13.6 The liability of the Customer does not cover loss or deterioration by \naccidental fire or any unpredicted event or force majeure pursuant \nto paragraph 15.2 hereof, neither any damage resulting from normal \nwear and tear to the equipment in question.\n13.7 The Customer is obliged to notify the Company, at once, of any defect \ndetected with the devices or their functioning, otherwise subject to \nliability for any damage in result of such defect. Such notice shall be \nserved through any means deemed convenient to the Customer and, \nif possible, with written confirmation.",
    "metadata": {
        "producer": "Acrobat Distiller 8.1.0 (Macintosh)",
        "creator": "Adobe InDesign CS3 (5.0.4)",
        "creationdate": "2009-06-24T15:10:04+08:00",
        "author": "MBP",
        "moddate": "2009-06-24T15:10:04+08:00",
        "title": "SupplyElec2009.pdf",
        "trapped": "/False",
        "source": "https://www.cem-macau.com/uploads/pdf_education_Supply_Elec2009_zh_29d77038c5.pdf",
        "total_pages": 98,
        "page": 79,
        "page_label": "80"
    }
}