{
    "page_content": "90\n25. Customer’s rights (25)\n25.1 The Customer is granted the right to apply from the inspection \nentity:\na) An inspection of the electric installation if convinced not to \nbe the perpetrator of any fraud;\nb) An arbitration on the indemnity to be paid to the Customer \nfor unreasonable termination or suspension of supply on \nthe part of the Company;\nc) An arbitration over the amount paid in consequence of the \nfraudulent behavior, when considered excessive.\n25.2 When through the inspection referred to in subparagraph a) of the \nprevious paragraph, it has been found that there is no fraud or the \nfraud is not imputable to the Customer, the Customer may demand \nfrom the Company the repair or replacement deemed necessary to \nrestore the electric installation to its proper working condition and \nthe immediate reconnection of electricity supply.\n26. Jurisdiction  (26)\n The Court of Law in the Macau Special Administrative Region will \nentertain jurisdiction over any disputes that may arise between the \nCustomer and the Company.",
    "metadata": {
        "producer": "Acrobat Distiller 8.1.0 (Macintosh)",
        "creator": "Adobe InDesign CS3 (5.0.4)",
        "creationdate": "2009-06-24T15:10:04+08:00",
        "author": "MBP",
        "moddate": "2009-06-24T15:10:04+08:00",
        "title": "SupplyElec2009.pdf",
        "trapped": "/False",
        "source": "https://www.cem-macau.com/uploads/pdf_education_Supply_Elec2009_zh_29d77038c5.pdf",
        "total_pages": 98,
        "page": 90,
        "page_label": "91"
    }
}