{
    "page_content": "68\nIntroduction\nScope\nThe concession contract for exclusive generation, import, export, transmission, \ndistribution and sale of electricity in the Macau Special Administrative \nRegion provides that the sale and supply of electricity must be governed by \na standard contract between CEM and the Customer, providing the rights and \nobligations of each party.\nThe present document aims to provide a systematic overview of the standard \nterms and conditions for sale and supply of electricity at low and medium \nvoltage, as defined under Law-decree no.: 43/91/M of July 15\nth, with \namendments introduced by Law-decree no.: 53/98/M of November 16 th, and \nDecree no.: 429/99/M of November 15 th.\nIn order to review the contents of the legislation hereinbefore referred to, \nannotations were compiled and are included at the end of this document. \nSuch annotations are marked in brackets with sequential numbers next to \neach item in the document.\nCustomer’s Advocate\nIn order to improve the quality and effectiveness of the response to Customers’ \nproblems as well as their interaction with the Company, CEM has introduced \nthe Customer’s Advocate.\nNotwithstanding existing legitimate means to file complains with the \nCompany, Customers may contact the Customer’s Advocate when they feel \nthat response from CEM’s services has not been satisfactory.",
    "metadata": {
        "producer": "Acrobat Distiller 8.1.0 (Macintosh)",
        "creator": "Adobe InDesign CS3 (5.0.4)",
        "creationdate": "2009-06-24T15:10:04+08:00",
        "author": "MBP",
        "moddate": "2009-06-24T15:10:04+08:00",
        "title": "SupplyElec2009.pdf",
        "trapped": "/False",
        "source": "https://www.cem-macau.com/uploads/pdf_education_Supply_Elec2009_zh_29d77038c5.pdf",
        "total_pages": 98,
        "page": 68,
        "page_label": "69"
    }
}