{
    "page_content": "89Standard Conditions of Supply of Electricity Ė\n23.3 When suspicion of fraudulent procedure arises, the Company shall \nrequest the presence of two witnesses, duly credentialed by competent \nauthorities, to confirm or deny the existence of fraud.\n23.4 When the existence of fraud is confirmed and imputable to the \nCustomer, the Company reserves the right:\na) To be reimbursed for the amount corresponding to energy \nillicitly consumed and of any expenses related to the \nelimination of the fraud, namely the repair or replacement \nof damaged equipment;\nb) To withhold supply until full payment is made of the amount \ndue according to the previous subparagraph.\n24. Value of energy illicitly consumed  (24)\n24.1 The value of the energy illicitly consumed is computed by the \nCompany, based on the highest tariff set for the subgroup contracted \nby the Customer, plus 25%, taking into account all the facts relevant \nto the computation of real consumption during the period wherein \nthe fraudulent procedure took place, namely the characteristics of the \ninstallation, its schedule of operation, previous readings, if any, and \nposterior readings, if necessary.\n24.2 When there are no elements to allow an objective computation of \nenergy illicitly consumed, the relevant value is computed using the \nfollowing rules:\na) Low-voltage Customers\nPc up to 20.7 kV A ................. 50-hour monthly usage of Pc\nPc from 34.5kV A to 69 kV ..... 70-hour monthly usage of Pc\nPc from 100 kV A to 340 kV A .100-hour monthly usage of Pc\nPc above 340 kV A ........... 200-hour monthly usage of Pc\nb) Medium-voltage Customers .... 300-hour monthly usage of Pc\nWhereof “Pc” is the demand subscribed by the Customer\n24.3 Estimation performed in the terms of the previous paragraph \ncomprises the period in relation thereto proof was presented wherein \nsuch irregular consumption was maintained or, if such evidence does \nnot exist, a period of thirty-six months.",
    "metadata": {
        "producer": "Acrobat Distiller 8.1.0 (Macintosh)",
        "creator": "Adobe InDesign CS3 (5.0.4)",
        "creationdate": "2009-06-24T15:10:04+08:00",
        "author": "MBP",
        "moddate": "2009-06-24T15:10:04+08:00",
        "title": "SupplyElec2009.pdf",
        "trapped": "/False",
        "source": "https://www.cem-macau.com/uploads/pdf_education_Supply_Elec2009_zh_29d77038c5.pdf",
        "total_pages": 98,
        "page": 89,
        "page_label": "90"
    }
}