{
    "page_content": "72\n4.4 The Company holds the right to demand an update of the guarantee \nwhenever there is an increase in subscribed demand or the \nreconstitution thereof when used, in whole or in part, to settle any \ndebit payable by the Customer to the Company.\n4.5 Failure to update the guarantee within a period of thirty days from \nthe date of written communication served to the Customer to that \neffect is deemed sufficient reason for suspension of supply by the \nCompany.\n4.6 The amount and regulations of the guarantee, pursuant to paragraph \n4.1 hereof, are established by the Macau Special Administrative \nRegion under the terms provided in Schedule 1.\n5. Ordinary and extraordinary contracts  (5)\n5.1 The Company may sign with the Customer ordinary and extraordinary \ncontracts, pursuant to the general provisions of the present \ndocument.\n5.2 Special contracts signed with large customers and temporary \nelectricity supply contracts are considered extraordinary.\n5.3 Any other contracts not covered by the previous paragraph are \nconsidered ordinary.\n6. Special large Customers’ contracts  (6)\n6.1 The Company may sign special contracts with large customers \nwhereof the Macau Special Administrative Region may consider of \nspecial relevance to the economy.\n6.2 Customers referred to under the previous paragraph may benefit from \nspecial tariffs, taking into account the characteristics of each customer \nand subject to prior approval from the Macau Special Administrative \nRegion, under the Company’s proposal.",
    "metadata": {
        "producer": "Acrobat Distiller 8.1.0 (Macintosh)",
        "creator": "Adobe InDesign CS3 (5.0.4)",
        "creationdate": "2009-06-24T15:10:04+08:00",
        "author": "MBP",
        "moddate": "2009-06-24T15:10:04+08:00",
        "title": "SupplyElec2009.pdf",
        "trapped": "/False",
        "source": "https://www.cem-macau.com/uploads/pdf_education_Supply_Elec2009_zh_29d77038c5.pdf",
        "total_pages": 98,
        "page": 72,
        "page_label": "73"
    }
}