{
    "page_content": "78\n12.9 The Company is responsible to supply and install the transformer \nsubstation equipment, its connection to the medium-voltage \nnetwork as well as low-voltage connection to supply the Customer’s \nfacilities.\n12.10 The Company, at request of the Customer, may authorize the \ninstallation of the transformer substation equipment and the low-\nvoltage connection to the Customer’s premises to be performed by \nthe latter, under the terms of relevant legislation.\n12.11 Provisional branch lines, pursuant to paragraph 7.2 hereof, must be \ninstalled by the Company. Costs with installation or dismantlement \nthereof, in the terms of relevant legislation, shall be borne by the \nCustomer.\n12.12 The Company, at the Customer’s request, may authorize that the \ninstallation of a provisional branch line be performed by the Customer, \nwhereof the equipment to be used must comply with the Company’s \nspecifications. The Company shall inspect the installation and shall \nmake the connection between provisional branch line and distribution \nnetwork as well as install the respective metering system.\n12.13 Changes to the connection point for a certain installation at request \nof the Customer, that does not imply the provision of new electric \nline, does not require the payment of new shared costs. Nevertheless, \nexpenses incurred in satisfying the Customer’s request must be paid.\n13. Installations maintenance, repair and restoration (13)\n13.1 The Company is responsible and shall bear the cost of all maintenance, \nrepair and restoration involving low and medium-voltage networks, \nswitching and transformer substations, electric lines and potheads.",
    "metadata": {
        "producer": "Acrobat Distiller 8.1.0 (Macintosh)",
        "creator": "Adobe InDesign CS3 (5.0.4)",
        "creationdate": "2009-06-24T15:10:04+08:00",
        "author": "MBP",
        "moddate": "2009-06-24T15:10:04+08:00",
        "title": "SupplyElec2009.pdf",
        "trapped": "/False",
        "source": "https://www.cem-macau.com/uploads/pdf_education_Supply_Elec2009_zh_29d77038c5.pdf",
        "total_pages": 98,
        "page": 78,
        "page_label": "79"
    }
}