{
    "page_content": "80\n14. Inspection of installations (14)\n14.1 The Company reserves the right to inspect the installations connected \nto its network, namely the switching and transformer substations, \nthe building’s collective installations, service-entrance lines and \nCustomer’s installations, as well as apparatus thereof, at any time \nand through duly authorized agents. It may also inspect and take the \nmeasurements deemed necessary, however, in the case of residential \npremises, such inspections are restricted to 09:00 to 18:00 schedule, \nduring workdays, or any other schedule duly convened between the \nCustomer and the Company to carry out the inspection.\n14.2 The inspections hereinbefore referred to do not imply any liability \nof the Company, and shall not exempt the Customer from his/her \nresponsibility in the state of repair and operation of the installation.\n14.3 The Customer is obliged to grant access of the referred agents to the \ninstallation; in case of refusal or if the installation or the receptors \ntherein are deemed to endanger the safety of persons and property, the \nCompany reserves the right to suspend electricity supply, declining \nany compensation, whereof it shall inform immediately the inspection \nentity.\n14.4 The Company reserves the right to suspend the supply of electricity \nwithout compensation, whenever the Customer fails to execute, \nwithin the appointed term, the works of repair or alterations deemed \nnecessary after inspection pursuant to paragraph 14.1 hereof.\n15. Interruptions and restrictions to supply  (15)\n15.1 Electricity supply is permanent and continual whereof interruptions \nor restrictions are only those in result of limitations to consumption \ndetermined by the Macau Special Administrative Region, service, \nfortuitous events or force majeure, prior accord, acts imputable to the \nCustomer or third parties or by interruption or restriction to imported \nelectricity supply.",
    "metadata": {
        "producer": "Acrobat Distiller 8.1.0 (Macintosh)",
        "creator": "Adobe InDesign CS3 (5.0.4)",
        "creationdate": "2009-06-24T15:10:04+08:00",
        "author": "MBP",
        "moddate": "2009-06-24T15:10:04+08:00",
        "title": "SupplyElec2009.pdf",
        "trapped": "/False",
        "source": "https://www.cem-macau.com/uploads/pdf_education_Supply_Elec2009_zh_29d77038c5.pdf",
        "total_pages": 98,
        "page": 80,
        "page_label": "81"
    }
}