{
    "page_content": "74\n9. Transfer of contract or Customer’s name change (9)\n9.1 The Customer is obliged to inform the Company, within a period of \nfifteen days, of any alteration to the respective name, firm or company \nname.\n9.2 A Customer who, by any means, shall transfer or assign the operation \nof its premises is obliged to inform the Company of the name and \naddress or registered office of the new Customer, otherwise he/she \nshall remain liable for all debits of the Customer until the date when \nsuch information is served to the Company.\n9.3 In the case of transfer, the relevant deed must specify that the transferee \nagrees to comply with the contractual clauses and obligations \nundertaken by the transferor, wherefore, in case of non-specification, \nthe simple continuance of the operation is deemed acknowledgment \nof such obligations on the part of the transferee.\n9.4 In the case hereinbefore provided, the transferee may be required \nto sign another contract within fifteen days after notification to that \neffect by the Company.\n10. Termination of contract (10)\n Notwithstanding any other grounds provided by Law, both parties \nmay rescind the contract on the following grounds:\n10.1 On the part of the Customer, if the concession has been suspended by \nreason of force majeure and the Company fails to retake the service \nafter the end of such force majeure.",
    "metadata": {
        "producer": "Acrobat Distiller 8.1.0 (Macintosh)",
        "creator": "Adobe InDesign CS3 (5.0.4)",
        "creationdate": "2009-06-24T15:10:04+08:00",
        "author": "MBP",
        "moddate": "2009-06-24T15:10:04+08:00",
        "title": "SupplyElec2009.pdf",
        "trapped": "/False",
        "source": "https://www.cem-macau.com/uploads/pdf_education_Supply_Elec2009_zh_29d77038c5.pdf",
        "total_pages": 98,
        "page": 74,
        "page_label": "75"
    }
}