{
    "page_content": "92\n3. Guarantee update (29)\n3.1 When the requested alteration aims to increase the subscribed \ndemand, the Company may constraint the efficacy of such contractual \nalteration to the reinforcement of the relevant guarantee, based on the \ngeneral tariff class A1 in effect on the date such reinforcement is \nmade.\n3.2 When the requested alteration aims to decrease the subscribed \ndemand, the Company shall inform the Customer, as the case may be, \nthat he may:\na) Opt to receive the difference from the guarantee, in cash \nor in cheque, or clear the same against the payment of \nconsumption and other charges to be included in subsequent \nbills;\nb) Choose to replace the guarantee provided under paragraph \n1.2.\n3.3 Provided there is no increase to subscribed demand, no update of \nguarantee shall be required from Customers who change tariff rate or \nif being signers of more than a contract for the same building, change \nthe number of such contracts.\n4. Lapse of the guarantee  (30)\n4.1 The lapse of a contract implies the obligation of the Company to \nreimburse the Customer of the amount equal to the guarantee, with \ndeduction of any amount eventually due.\n4.2 When the guarantee is granted through any of the methods provided \nunder paragraph 1.2 hereof and there is no amount due, the lapse of \nthe contract shall bind the Company to issue a document whereby it \nrenounces to the guarantee.",
    "metadata": {
        "producer": "Acrobat Distiller 8.1.0 (Macintosh)",
        "creator": "Adobe InDesign CS3 (5.0.4)",
        "creationdate": "2009-06-24T15:10:04+08:00",
        "author": "MBP",
        "moddate": "2009-06-24T15:10:04+08:00",
        "title": "SupplyElec2009.pdf",
        "trapped": "/False",
        "source": "https://www.cem-macau.com/uploads/pdf_education_Supply_Elec2009_zh_29d77038c5.pdf",
        "total_pages": 98,
        "page": 92,
        "page_label": "93"
    }
}