{
    "page_content": "85Standard Conditions of Supply of Electricity Ė\n19. Billing and collection  (19)\n19.1 Electricity consumed is billed on a monthly basis, pursuant to a tariff \nsystem ﬁxed by the Macau Special Administrative Region.\n19.2 The Company shall deliver the bill, whereof the consumption, the \nelements necessary to its veri ﬁcation and the amount due are contained, \nat the site of consumption or any other location indicated by the \nCustomer, within a maximum period of three working days from the \nreading.\n19.3 If by reasons imputable to the Customer, or by force majeure, the meter \ncould not be read, the bill shall be issued for the corresponding period \naccording to the average of consumption recorded during the previous \ntwelve months or, if such is not feasible, the average of the consumption \nrecorded to date, whereof corresponding demand is always due.\n19.4 The consumption referred to under the previous paragraph shall be \ncleared against the billing of subsequent readings, whereof the bill is \ncomputed through relevant tariff.\n19.5 The payment of the bill is due in a maximum of ﬁfteen days, counted \nfrom the reading date, at the ofﬁce of the Company or through institutions \nand methods indicated on the back of the bill.\n19.6 In the same manner and within the same term, the Customer is obliged to \npay the services rendered by the Company as well as any legal charges \ndue.\n19.7 The Customer shall by no means whatsoever retain or deduct any part \nof the amount due.\n19.8 Failure to pay the bill on or before the payment due date, which shall be \nwritten on the bill, is levied with a surcharge over the amount due, ﬁxed \nby the Macau Special Administrative Region, whereof the Company \nmay also suspend the energy supply after ﬁve working days from such \ndate.",
    "metadata": {
        "producer": "Acrobat Distiller 8.1.0 (Macintosh)",
        "creator": "Adobe InDesign CS3 (5.0.4)",
        "creationdate": "2009-06-24T15:10:04+08:00",
        "author": "MBP",
        "moddate": "2009-06-24T15:10:04+08:00",
        "title": "SupplyElec2009.pdf",
        "trapped": "/False",
        "source": "https://www.cem-macau.com/uploads/pdf_education_Supply_Elec2009_zh_29d77038c5.pdf",
        "total_pages": 98,
        "page": 85,
        "page_label": "86"
    }
}