{
    "page_content": "83Standard Conditions of Supply of Electricity Ė\n16.4 In the case provided under subparagraph 16.1 e), the Company \nreserves the right to withhold reconnection until all amounts due for \ndisputable electricity have been paid, as well as any compensations \nin result thereto, in the terms of the Law.\n16.5 The provisions of paragraph 15.8 hereof shall apply to the cases \nprovided under the previous paragraphs.",
    "metadata": {
        "producer": "Acrobat Distiller 8.1.0 (Macintosh)",
        "creator": "Adobe InDesign CS3 (5.0.4)",
        "creationdate": "2009-06-24T15:10:04+08:00",
        "author": "MBP",
        "moddate": "2009-06-24T15:10:04+08:00",
        "title": "SupplyElec2009.pdf",
        "trapped": "/False",
        "source": "https://www.cem-macau.com/uploads/pdf_education_Supply_Elec2009_zh_29d77038c5.pdf",
        "total_pages": 98,
        "page": 83,
        "page_label": "84"
    }
}