{
    "page_content": "91Standard Conditions of Supply of Electricity Ė\nSchedule 1 - Guarantee to be given by \nCustomers\nGuarantee to be given by Customers for electricity \nsupply contracts\n1. Type of guarantee\n (27)\n1.1 The guarantee is given by the Customer in cash or any other means of \npayment on demand.\n1.2 When the electricity supply contracts involve subscribed demand \nhigher than 340 kV A, the Customer may grant suretyship by means \nof a bank guarantee or insurance-guarantee, compliant with sample \nincluded under Schedule 2 hereof, wherefore charges in result thereof \nshall also run on the account of the Customer.\n2. Calculation of the amount of the guarantee (28)\n2.1 The amount of the guarantee corresponds to the cost of the energy \nconsumed within a certain amount of hours of subscribed demand \n(Pc) usage, as follows:\na) Pc up to 100 kV A .... 60 hours\nb) Pc from 100 kV A to 1600 kV A .... 120 hours\nc) Pc above 1600 kV A .... 160 hours\n2.2 When computing the amount of the guarantee, the general tariff class \nA1 in force on the date of the guarantee shall be taken into account.\n2.3 In case of short-term temporary contracts, the guarantee shall be \ndouble that computed in the terms of the previous paragraphs.\n2.4 To the effect of the previous paragraph, any contract signed for or less \nthan a 45-day term is considered a short-term temporary contract.",
    "metadata": {
        "producer": "Acrobat Distiller 8.1.0 (Macintosh)",
        "creator": "Adobe InDesign CS3 (5.0.4)",
        "creationdate": "2009-06-24T15:10:04+08:00",
        "author": "MBP",
        "moddate": "2009-06-24T15:10:04+08:00",
        "title": "SupplyElec2009.pdf",
        "trapped": "/False",
        "source": "https://www.cem-macau.com/uploads/pdf_education_Supply_Elec2009_zh_29d77038c5.pdf",
        "total_pages": 98,
        "page": 91,
        "page_label": "92"
    }
}