{
    "page_content": "76\nElectricity Supply\n11. General provisions  (11)\n11.1 The Company hereby undertakes to supply electricity in the form \nof alternating current, under certain regulations and contractual \nconditions, to any Customer who may apply for it, namely:\na) Single-phase or three-phase low-voltage supply according \nto the characteristics of the Customer’s installation;\nb) Three-phase medium-voltage supply.\n11.2 Standard voltages for distribution are 230/400 V , for Customers \nconnected to the low-voltage network, and 11000 V between phases \nfor Customers directly supplied by the medium-voltage network, \nwith plus 5% and minus 10% voltage tolerance.\n11.3 Current frequency is 50 Hz, with plus or minus 2% tolerance.\n11.4 Electricity shall be supplied to the Customer upon compliance with \nall regulations in force concerning its installation and operation, \nspecially in what concerns safety of persons and goods, reduction \nto risk of breakdowns and disruption of the Company’s network or \nother installations and the pre-assumption of renouncing fraudulent \nelectricity consumption.\n12. Connection charges and work execution  (12)\n12.1 The Customer shall pay to the Company, in one lump sum, when \napplicable, its shared cost in the connection of electricity to its \npremises or for increased capacity, in the terms of the legislation in \nforce.\n12.2 The payment of such shared cost is a condition for the efficacy of the \nCustomer’s contract with the Company in supplying electricity up to \nthe maximum capacity wherefore such cost has been shared.",
    "metadata": {
        "producer": "Acrobat Distiller 8.1.0 (Macintosh)",
        "creator": "Adobe InDesign CS3 (5.0.4)",
        "creationdate": "2009-06-24T15:10:04+08:00",
        "author": "MBP",
        "moddate": "2009-06-24T15:10:04+08:00",
        "title": "SupplyElec2009.pdf",
        "trapped": "/False",
        "source": "https://www.cem-macau.com/uploads/pdf_education_Supply_Elec2009_zh_29d77038c5.pdf",
        "total_pages": 98,
        "page": 76,
        "page_label": "77"
    }
}