{
    "page_content": "75Standard Conditions of Supply of Electricity Ė\n10.2 On the part of the Company, upon prior notice to the Customer:\na) If the consumption for two consecutive months is left \nunpaid;\nb) If the precarious state of the Customer’s installation or the \nmanner wherein the electricity is being used, is likely to \ncause failure to the Company’s network or with holding the \nsame from performing its obligations with third parties or \nyet endangering the safety of persons or property;\nc) If the Customer refuses inspection of any metering device \nfittings, circuit breakers and relevant installations by the \nrepresentatives of the Company;\nd) Permanent default on the obligations provided under \nparagraph 1.4, as well clause 9 or clause 22 thereof;\ne) If a situation of fraud is left unsolved, pursuant to paragraph \n23.4.",
    "metadata": {
        "producer": "Acrobat Distiller 8.1.0 (Macintosh)",
        "creator": "Adobe InDesign CS3 (5.0.4)",
        "creationdate": "2009-06-24T15:10:04+08:00",
        "author": "MBP",
        "moddate": "2009-06-24T15:10:04+08:00",
        "title": "SupplyElec2009.pdf",
        "trapped": "/False",
        "source": "https://www.cem-macau.com/uploads/pdf_education_Supply_Elec2009_zh_29d77038c5.pdf",
        "total_pages": 98,
        "page": 75,
        "page_label": "76"
    }
}