{
    "page_content": "71Standard Conditions of Supply of Electricity Ė\n3. Signing terms  (3)\n3.1 The supply contract shall only be signed between the Company and \nany person who is capable of showing, with probity, to hold due rights \nor possession, in its own name or other persons, over the property, or \nany fraction thereof, whereto electricity must be supplied.\n3.2 Due rights or possession is deemed as ownership rights, tenancy \nrights, floor leasing and the gratuitous or onerous transfer of the \nproperty, to be supplied with electricity or any part thereof.\n3.3 In the case of gratuitous transfer the holder of such right is obliged \nto show evidence of the legitimacy of such possession by means of a \ndeclaration signed by the grantor of the gratuitous transfer and duly \ncertified in the terms of the Law.\n3.4 The Customer shall only be able to sign a new supply contract after \nfull settlement of any overdue debts with the Company.\n4. Guarantee (Deposit)  (4)\n4.1 The Company reserves the right to demand from the Customer, \nsimultaneous with the signing of the contract, as a precondition to \nstart the supply of electricity, a guarantee, the amount and specific \nregulations of which shall be set by the Macau Special Administrative \nRegion.\n4.2 The guarantee hereinbefore mentioned is to be used as security for \nthe payment of any debt of the Customer with the Company, but does \nnot imply any limit to the liability of the former before the latter.\n4.3 A guarantee which has been deposited in cash shall be refunded in the \nterm of the supply contract or any extensions thereto, after deduction \nof any debit due by the Customer to the Company, and shall revert in \nfavor of the latter if not claimed within three years from the date of \ntermination of the contract or the last extension thereof.",
    "metadata": {
        "producer": "Acrobat Distiller 8.1.0 (Macintosh)",
        "creator": "Adobe InDesign CS3 (5.0.4)",
        "creationdate": "2009-06-24T15:10:04+08:00",
        "author": "MBP",
        "moddate": "2009-06-24T15:10:04+08:00",
        "title": "SupplyElec2009.pdf",
        "trapped": "/False",
        "source": "https://www.cem-macau.com/uploads/pdf_education_Supply_Elec2009_zh_29d77038c5.pdf",
        "total_pages": 98,
        "page": 71,
        "page_label": "72"
    }
}