{
    "page_content": "77Standard Conditions of Supply of Electricity Ė\n12.3 The Company shall carry out itself or subcontract the works deemed \nnecessary to the setting of electric lines deemed necessary to connect \nthe installation of the Customer to the low or medium-voltage \nnetwork, after the payment of due shared costs in the terms of relevant \nlegislation.\n12.4 When an increase in capacity, whether in low or medium-voltage, may \nresult in shared costs, the Company shall only charge the Customer \nthe difference between the new costs to be shared and the amount \ncorresponding to the capacity for which the connection charge has \nbeen previously paid.\n12.5 The Company is responsible to execute the installation of electric \nlines leading to the pothead, or directly to the main collective \nswitchboard or the Customer’s installation, as well as to setup the \nmetering system.\n12.6 The Customer is responsible to install the pothead supplied by the \nCompany, supply and setup all service-entrance lines, main collective \nswitchboard, collective lines, collective line distributing boxes, boxes \nfor the fixation of metering devices and respective accessories as well \nas service circuit breakers, according to the electric installation design \napproved by the competent authorities and under the inspection of the \nCompany.\n12.7 When an application for electricity supply or increased capacity cannot \nbe performed from existing low-voltage network, the Customer must \nprovide a space wherein a transformer substation may be installed, in \nthe terms of the concession contract and relevant legislation.\n12.8 The Customer is responsible for the civil works necessary to install \na transformer substation in the space provided under the previous \nparagraph, wherein the supply and fixation of doors, grids, ventilation \nducts, fans, gutter metal covers and earthing network is included, \naccording to the drawings provided by the Company, as well as \nthe installation of an automatic fire extinguisher system whenever \nrequired.",
    "metadata": {
        "producer": "Acrobat Distiller 8.1.0 (Macintosh)",
        "creator": "Adobe InDesign CS3 (5.0.4)",
        "creationdate": "2009-06-24T15:10:04+08:00",
        "author": "MBP",
        "moddate": "2009-06-24T15:10:04+08:00",
        "title": "SupplyElec2009.pdf",
        "trapped": "/False",
        "source": "https://www.cem-macau.com/uploads/pdf_education_Supply_Elec2009_zh_29d77038c5.pdf",
        "total_pages": 98,
        "page": 77,
        "page_label": "78"
    }
}