{
    "page_content": "86\n20. Metering and billing errors (20)\n20.1 Whenever errors or anomalies are found in energy and demand \nmetering, such must be corrected through available elements.\n20.2 In order to perform such correction, the Company must consider the \ncharacteristics of the Customer’s installation, its operational schedule, \nthe latest bills presented before the detection of such error or anomaly, \nthe amounts read after the correction of such error or anomaly and any \nother elements that may contribute to a more exact computation of the \namount in question.\n20.3 The limit of the amount demandable for credits which result from the \ncorrection of metering errors or anomalies, shall be determined by \nthe sum of the amounts corresponding to the corrections applicable \nto a maximum period of twelve months prior to the month wherein \nany one of the parties expressly noti ﬁed the other of such error or \nanomaly, added the amount corresponding to the corrections to be \nmade, up to the date wherein such error or anomaly was repaired.\n20.4 The amount due shall not accrue interest and the payment thereof may \nbe performed within a period equal to that wherein the error or anomaly \nhas lasted, provided such period is no longer than six months.\n20.5 Failure to pay any debits due on the part of the Customer from \ncorrections hereinbefore referred to, within the established term, shall \nset the Customer under the nonpayment provisions of clause 19.\n20.6 The hereinbefore provided shall also apply in case of error in reading \nand billing energy consumption.\n20.7 In case of error in favor of the Company, the same shall issue a credit \nnote in favor of the Customer, which may be used to pay for subsequent \nbill or bills or be received in cash at the Company’s cashiers.",
    "metadata": {
        "producer": "Acrobat Distiller 8.1.0 (Macintosh)",
        "creator": "Adobe InDesign CS3 (5.0.4)",
        "creationdate": "2009-06-24T15:10:04+08:00",
        "author": "MBP",
        "moddate": "2009-06-24T15:10:04+08:00",
        "title": "SupplyElec2009.pdf",
        "trapped": "/False",
        "source": "https://www.cem-macau.com/uploads/pdf_education_Supply_Elec2009_zh_29d77038c5.pdf",
        "total_pages": 98,
        "page": 86,
        "page_label": "87"
    }
}