{
    "page_content": "94\n___________________a), with registered office in ,____________________ \nhereby declares that they grant in favor of “Companhia de Electricidade \nde Macau – CEM, S.A.”, a ___________________b), up to the amount of \n___________________, to secure the payment of electricity supplied to \nthe premises located in ___________________, under the contract signed \nwith ___________________c).\nFurthermore, declares that through the present guarantee the grantor \nhereof is obliged as main debtor, with express renouncement to \nexclusion benefit, wherefore he undertakes to pay on first demand from \n“Companhia de Electricidade de Macau - CEM, S.A.” and without \nany other consideration, within five working days from the date of \nreception, all amounts due by the grantee.\nThe present guarantee is valid for a term of one year, whereupon it shall \nbe successively and automatically renewed for equal terms, except if \nprior notice of termination is served by the grantor with a minimum \nnotice of\nthirty days.\n(Date and signature)\nSchedule 2 – Sample of guarantee form\na) Identification of the grantor, which shall be an authorized institution in \noperation at the Macau Special Administrative Region.\nb) Bank guarantee or insurance-guarantee.\nc) Name or company of the grantee.",
    "metadata": {
        "producer": "Acrobat Distiller 8.1.0 (Macintosh)",
        "creator": "Adobe InDesign CS3 (5.0.4)",
        "creationdate": "2009-06-24T15:10:04+08:00",
        "author": "MBP",
        "moddate": "2009-06-24T15:10:04+08:00",
        "title": "SupplyElec2009.pdf",
        "trapped": "/False",
        "source": "https://www.cem-macau.com/uploads/pdf_education_Supply_Elec2009_zh_29d77038c5.pdf",
        "total_pages": 98,
        "page": 94,
        "page_label": "95"
    }
}