{
    "page_content": "69Standard Conditions of Supply of Electricity Ė\nGeneral Provisions\n1. Object and terms of supply  (1)\n1.1 CEM, the grantee of the public franchise for generation, import, \nexport, transmission, distribution and sale of electricity to the Macau \nSpecial Administrative Region, hereinafter the “Company”, and the \n“Customer”, duly identified in the supply contract referred to under \nitem 2 hereof, hereby agree to supply and acquire, respectively, the \nelectricity necessary for residential or non-residential (business and \nindustry) needs of the Customer.\n1.2 The Company undertakes to supply the Customer with the electricity \nneeded at the location indicated in the supply contract under the terms \nprovided in the next paragraph.\n1.3 The grantors of the supply contract hereby accept the general and \nspecific terms provided under the present standard contract and \nany amendments thereto that shall be generically introduced under \napproval from the Macau Special Administrative Region in the terms \nof the Concession Contract.\n1.4 The Customer is hereby obliged:\na) To use the electricity supplied at the address provided in the \nsupply contract;\nb) Not to sell to third parties, for whatsoever reason, the whole \nor any part of the electricity supplied;\nc) Not to introduce alterations to the electric installation \nwithout prior consent from relevant authorities, nor modify \nany of the electric equipment installed “upstream” of its \ninstallation, namely meters, measuring transformers, circuit-\nbreakers, fuses and conductors, without prior consent from \nthe Company;\nd) Not to use the electricity supplied for any purpose other \nthan the purpose established in the supply contract.",
    "metadata": {
        "producer": "Acrobat Distiller 8.1.0 (Macintosh)",
        "creator": "Adobe InDesign CS3 (5.0.4)",
        "creationdate": "2009-06-24T15:10:04+08:00",
        "author": "MBP",
        "moddate": "2009-06-24T15:10:04+08:00",
        "title": "SupplyElec2009.pdf",
        "trapped": "/False",
        "source": "https://www.cem-macau.com/uploads/pdf_education_Supply_Elec2009_zh_29d77038c5.pdf",
        "total_pages": 98,
        "page": 69,
        "page_label": "70"
    }
}