{
    "page_content": "84\nSale of Electricity\n17. Metering of energy and demand  (17)\n17.1 In general, energy consumed and demand subscribed by the Customer \nare evaluated through direct measurement performed with metering \nequipment and respective fittings.\n17.2 Metering equipment and respective fittings, of the type that has been \nofficially approved and duly calibrated and sealed, required for billing, \nare supplied, installed and maintained solely by the Company.\n17.3 The reading of the Customer’s meter is performed periodically, in \npreestablished days, the date thereof shall be written on the bill of the \nlatest month.\n17.4 If reading is not performed on a monthly basis or if reading has not \nbeen taken due to Customer’s absence or any other reason imputable \nthereto, the bill shall be issued pursuant to paragraph 19.3 hereof.\n17.5 If due to systematic absence or other reason imputable to the \nCustomer, the reading is not performed for four consecutive months, \nthe Company reserves the right to suspend electricity supply to the \nCustomer, notwithstanding any action deemed necessary for the \nsettlement of any debts due.\n18. Tariffs  (18)\n Electricity tariffs and tariff periods are fixed by the Macau Special \nAdministrative Region.",
    "metadata": {
        "producer": "Acrobat Distiller 8.1.0 (Macintosh)",
        "creator": "Adobe InDesign CS3 (5.0.4)",
        "creationdate": "2009-06-24T15:10:04+08:00",
        "author": "MBP",
        "moddate": "2009-06-24T15:10:04+08:00",
        "title": "SupplyElec2009.pdf",
        "trapped": "/False",
        "source": "https://www.cem-macau.com/uploads/pdf_education_Supply_Elec2009_zh_29d77038c5.pdf",
        "total_pages": 98,
        "page": 84,
        "page_label": "85"
    }
}