{
    "page_content": "70\n1.5 The Customer is obliged to inform the Company of any unauthorized \nelectric lines that by any means may come to his knowledge, whether \nemanating from his/her installation, the pothead or the transformer \nsubstation that supplies the contracted electricity.\n2. Supply contract  (2)\n2.1 In addition to the acceptance by both parties of conditions provided \nunder the standard contract, the electricity supply contract shall \ninclude the following elements:\na) Particulars of both parties and their capacity;\nb) Location of electricity supply;\nc) Purpose of installation;\nd) Supply voltage;\ne) Subscribed demand;\nf) Contract type;\ng) Tariff group;\nh) Signing date.\n2.2 The supply contract may include other conditions provided that such \nshall not contravene existing legislation.\n2.3 In the terms and to the effect of sub-paragraph 2.1 a) hereof, the \nCustomer is obliged to submit evidence of the capacity invoked for \nthe signing of the contract.\n2.4 If irregularities are found with any of the documents submitted or if \nthere is already a contract for the same location whose subscriber, \nof his/her own right, does not wish to terminate, the contract hereof \nshall be considered null and void.",
    "metadata": {
        "producer": "Acrobat Distiller 8.1.0 (Macintosh)",
        "creator": "Adobe InDesign CS3 (5.0.4)",
        "creationdate": "2009-06-24T15:10:04+08:00",
        "author": "MBP",
        "moddate": "2009-06-24T15:10:04+08:00",
        "title": "SupplyElec2009.pdf",
        "trapped": "/False",
        "source": "https://www.cem-macau.com/uploads/pdf_education_Supply_Elec2009_zh_29d77038c5.pdf",
        "total_pages": 98,
        "page": 70,
        "page_label": "71"
    }
}