{
    "page_content": "82\n15.9 Notices of supply interruption shall contain a warning of live \ninstallations.\n16. Suspension of supply  (16)\n16.1 The Company may suspend the supply of electricity when any of the \nfollowing events imputable to the Customer occur:\na) Noncompliance with provisions that aim to eliminate \nany type of disruption to network operation and other \ninstallations, as well as in concern to the safety of persons \nand property;\nb) Impossibility to read meters as covered by clause 17 \nhereof;\nc) Opposition to inspection of installations within the \nappointed schedule;\nd) Failure to pay bills for energy consumption and demand, as \nwell as any additional charges and services, within the term \nprovided;\ne) Fraud, as provided under paragraph 23.4;\nf) Failure to update the guarantee within the term provided \nafter being served notice to that effect by the Company;\ng) In the situation provided under paragraph 9.4;\nh) Failure to regularize default situations provided under \nparagraph 1.4 or clause 22, hereof, within the term provided \nto that effect by the Company.\n16.2 Interruption of supply in situation provided under the previous \nparagraph shall not exempt the Customer from possible civil or \ncriminal liability.\n16.3 In the case provided under subparagraph 16.1 d), the Company \nreserves the right to withhold reconnection from the Customer until \nall outstanding bills are paid and, if necessary, the guarantee referred \nto under clause 4, hereof duly replenished, wherefore reconnection is \nsubject to the payment of a charge in the terms of the Law.",
    "metadata": {
        "producer": "Acrobat Distiller 8.1.0 (Macintosh)",
        "creator": "Adobe InDesign CS3 (5.0.4)",
        "creationdate": "2009-06-24T15:10:04+08:00",
        "author": "MBP",
        "moddate": "2009-06-24T15:10:04+08:00",
        "title": "SupplyElec2009.pdf",
        "trapped": "/False",
        "source": "https://www.cem-macau.com/uploads/pdf_education_Supply_Elec2009_zh_29d77038c5.pdf",
        "total_pages": 98,
        "page": 82,
        "page_label": "83"
    }
}