{
    "page_content": "73Standard Conditions of Supply of Electricity Ė\n6.3 The validity of special large Customers’ contracts, as well as the \nstatus of their operation, tariffs and applicable tariff periods as well \nas any other particular provisions shall be established on a case-by-\ncase basis and shall be covered by the relevant supply contract.\n7. Temporary contracts  (7)\n7.1 The Company may sign temporary electricity supply contracts for \nnon-permanent installations, for a pre-determined limited term, \nprovided technical conditions are favorable to that effect and that \ninconvenience to the distribution network may not result therefrom.\n7.2 Temporary electricity supply contracts imply the installation of \nprovisional branch lines.\n8. Contractual term  (8)\n8.1 Ordinary electricity supply contracts are signed for an initial term of \none month, automatically and successively renewable for the same \nperiod, notwithstanding the provisions of paragraph 8.3 hereof.\n8.2 Temporary contracts have a limited term, wherefore the beginning \nand the end of their validity is explicitly set in the supply contract.\n8.3 The Customer, in written and with a minimum notice of five working \ndays, must inform the Company of his/her intention to terminate any \ncontract signed under the terms provided in paragraphs 8.1 and 8.2 \nhereof, wherefore the Customer shall be liable for any amount due \nuntil the removal of the meters, which shall be carried out during the \nsame period.\n8.4 The term for special large customer contracts is specified in the \nrespective supply contract pursuant to clause 6 hereof.",
    "metadata": {
        "producer": "Acrobat Distiller 8.1.0 (Macintosh)",
        "creator": "Adobe InDesign CS3 (5.0.4)",
        "creationdate": "2009-06-24T15:10:04+08:00",
        "author": "MBP",
        "moddate": "2009-06-24T15:10:04+08:00",
        "title": "SupplyElec2009.pdf",
        "trapped": "/False",
        "source": "https://www.cem-macau.com/uploads/pdf_education_Supply_Elec2009_zh_29d77038c5.pdf",
        "total_pages": 98,
        "page": 73,
        "page_label": "74"
    }
}