{
    "page_content": "93Standard Conditions of Supply of Electricity Ė\n5. Transitional rule  (31)\n5.1 For contracts signed after December 1 st, 1999 and up to the evaluation \nof the concession, pursuant to Article 61, number 1 of the Concession \nContract for exclusive generation, import, export, transmission, \ndistribution and sale of electricity in the Macau Special Administrative \nRegion, signed between the Macau Special Administrative Region and \n“Companhia de Electricidade de Macau – CEM, S.A.”, the amount \nof the guarantee provided under clause 2 hereof shall be computed in \nthe following manner:\na) Pc up to 11.5 kV A: guarantee amount x 0.33;\nb) Pc above 11.5 kV A: guarantee amount x 0.50.\n5.2 If the guarantee computed in the terms of the previous paragraph, is \nless than the one deposited by Customers in contracts signed before \nDecember 1st, 1999, such Customers may request the Company the \ncorrespondent reduction of guarantee.\n5.3 The reduction hereinbefore referred to shall only be accepted when \nthe difference is higher than MOP200, whereof the correspondent \nCustomer’s refund is compulsorily performed through clearing of \ncredits.",
    "metadata": {
        "producer": "Acrobat Distiller 8.1.0 (Macintosh)",
        "creator": "Adobe InDesign CS3 (5.0.4)",
        "creationdate": "2009-06-24T15:10:04+08:00",
        "author": "MBP",
        "moddate": "2009-06-24T15:10:04+08:00",
        "title": "SupplyElec2009.pdf",
        "trapped": "/False",
        "source": "https://www.cem-macau.com/uploads/pdf_education_Supply_Elec2009_zh_29d77038c5.pdf",
        "total_pages": 98,
        "page": 93,
        "page_label": "94"
    }
}