{
    "page_content": "88\nFinal Provisions\n22. Private generation  (22)\n22.1 A Customer with private electricity generation is allowed to use the \nenergy generated by its own plant only in case of emergency and \nlimited duration tests, except for specially authorized cases under the \nterms and conditions to be provided in the relevant supply contract.\n22.2 The Customer, when signing the electricity supply contract or later, \nupon installation, is obliged to inform the Company, in written, of the \nexistence at the premises of its own means of generation.\n22.3 Except through written permission from the Company, attached as \nschedule to the relevant electricity supply contract including technical \nrules to be observed, a Customer who owns a private electricity \ngenerator is not allowed to operate its own plant in parallel with the \npublic network.\n23. Fraud (23)\n23.1 Any fraudulent procedure susceptible to forge the reading of energy \nor the demand, namely the capture of electricity prior (“upstream”) \nto the meter, tampering of meters or demand control devices, as well \nas alterations to safety devices performed through the breaking of the \nseal or lock, is considered a noncompliance of the electricity supply \ncontract.\n23.2 Any fraudulent procedures detected within an installation that uses \nelectricity located inside a residential unit or any other compound or \nlocation wherein the Customer has exclusive access or subjected to \nthe control thereof, is considered, unless otherwise proven, imputable \nto the Customer.",
    "metadata": {
        "producer": "Acrobat Distiller 8.1.0 (Macintosh)",
        "creator": "Adobe InDesign CS3 (5.0.4)",
        "creationdate": "2009-06-24T15:10:04+08:00",
        "author": "MBP",
        "moddate": "2009-06-24T15:10:04+08:00",
        "title": "SupplyElec2009.pdf",
        "trapped": "/False",
        "source": "https://www.cem-macau.com/uploads/pdf_education_Supply_Elec2009_zh_29d77038c5.pdf",
        "total_pages": 98,
        "page": 88,
        "page_label": "89"
    }
}