{
    "page_content": "81Standard Conditions of Supply of Electricity Ė\n15.2 Fortuitous events or force majeure are wars, disruption of public \norder, earthquakes, typhoons, floods, cyclones, fire, direct lightning \ndischarges, strikes, acts of mischief or yet any similar cases of \nunexpected nature.\n15.3 In the cases provided under paragraph 15.1, the Customer is not \nentitled to claim compensation from the Company.\n15.4 The Company may interrupt the supply of electricity for service \nreasons in the following cases:\na) Load-shedding;\nb) To carry out connection, extension, maintenance or repair \nworks;\nc) To execute works that cannot be delayed due to safety \nreasons.\n15.5 The interruption of supply due to service, as provided under the \nprevious subparagraphs b) and c), must be announced to the Customer \nwith no less than a thirty-six-hour notice, in order that the same may \ntake the necessary precautions and avoid or reduce the risk of damage \nin result therefrom.\n15.6 If the individual announcement of interruption to the Customer \nis unfeasible, such announcement may be replaced by notices \npublished in the media in the official languages of the Macau Special \nAdministrative Region.\n15.7 In the cases where the urgency of the interruption prevents the \nimplementation of procedures provided under paragraph 15.5 and 15.6 \nhereof, the Company may start immediately with the necessary works, \nadvising the inspection entity and proceed with the announcement \nreferred to under paragraph 15.6.\n15.8 During electricity supply interruption the electric installation must \nbe considered as live, wherefore any accident or breakdown in result \nof the inobservance of this rule shall be the sole responsibility of the \nCustomer.",
    "metadata": {
        "producer": "Acrobat Distiller 8.1.0 (Macintosh)",
        "creator": "Adobe InDesign CS3 (5.0.4)",
        "creationdate": "2009-06-24T15:10:04+08:00",
        "author": "MBP",
        "moddate": "2009-06-24T15:10:04+08:00",
        "title": "SupplyElec2009.pdf",
        "trapped": "/False",
        "source": "https://www.cem-macau.com/uploads/pdf_education_Supply_Elec2009_zh_29d77038c5.pdf",
        "total_pages": 98,
        "page": 81,
        "page_label": "82"
    }
}