{
    "page_content": "1. **申请表格及声明书**：\n   - [电表解/上锁申请表](https://www.cem-macau.com/uploads/Application_Form_for_Unsealing_or_sealing_of_Electricity_Meter_ver_Dec_2022_CE_7d5d93af31.pdf)\n   - [暂停供应电力申请表 (不适用於终止合约)](https://www.cem-macau.com/uploads/Application_Form_for_Temporary_Suspension_of_Electricity_Supply_version_V11_aug_2020_a41774c3f4.pdf)\n   - [电力装置用途/电业工程人员声明书](https://www.cem-macau.com/uploads/Purpose_of_Electrical_Installation_Electrical_Technician_Declaration_ZH_4ab9148e6d.pdf)\n   - [电业工程人员申请表](https://www.cem-macau.com/uploads/ET_application_or_cancel_form_ver_Jun_2025_CE_download_ver_ad1a20a330.pdf)\n   - [空气断路器测试申请表](https://www.cem-macau.com/uploads/ACB_test_request_form_version_25_Jan_2019_Customer_82ac0309d8.pdf)\n   - [委托书](https://www.cem-macau.com/uploads/Authorization_Letter_ZH_787c13944f.pdf)\n   - [“长者电费援助计划”声明书](https://www.cem-macau.com/uploads/Declaration_for_Senior_Citizen_Support_Program_ZH_4e55347a8b.pdf)\n\n2. **隐私政策和Cookies使用政策**：\n   - \"本網站使用Cookies 以優化客戶的瀏覽體驗。若閣下繼續瀏覽我們的網站，即表示同意使用Cookies及我們的[收集個人資料聲明](https://www.cem-macau.com/zh/privacy-statement)。詳情請閱讀我們的[收集個人資料聲明](https://www.cem-macau.com/zh/privacy-statement)。\"\n\n这些内容提供了有关申请表格、声明书的下载链接。",
    "metadata": {
        "keywords": [
            "澳電網站使用條款|收集個人資料聲明| 慎防詐騙訊息澳電網站Cookies 使用政策本網站使用Cookies 以優化客戶的瀏覽體驗"
        ],
        "extracted_data": null,
        "original_url": "https://www.cem-macau.com/zh/customer-service/downloadarea/application-form-and-declaration",
        "final_url": null,
        "pathname": "/zh/customer-service/downloadarea/application-form-and-declaration",
        "title": "申請表格及聲明書 | CEM - Companhia de Electricidade de Macau",
        "domain": "www.cem-macau.com",
        "user_id": "fa5d3651-357d-4dea-9e66-5a1024451219",
        "url": null,
        "resource_type": ".md",
        "file_size": 5814,
        "description": "申請表格及聲明書",
        "og_image": null
    }
}