{
    "page_content": "申請人需於停電前最少10個工作天透過此表格向澳電申請。/ Applicant must submit this request dully filled to CEM at least 10 working days before the requested supply suspension date. / O requerente deve enviar este impresso devidamente preenchido à CEM no mínimo 10 dias úteis antes da data solicitada para a suspensão do fornecimento de energia。\n\n澳電可進行停電或復電操作為工作日(只限星期㇐至五，不包括公眾假期)的9:30至12:00，及14:30至17:00。/ Applicant must schedule the supply suspension from 9:30 to 12:00 and/or 14:30 to 17:00 during working days (Monday to Friday excluding public holidays). / O requerente deve agendar a suspensão do fornecimento de energia das 9h30 às 12h00 e/ou das 14h30 às 17h00, de Segunda a Sexta-feira (excepto feriados)。\n\n負責電業工程人員需於2個工作天內取得受影響之住戶或商戶同意於上述時間進行停電，並向澳電提供已張貼停電通告之證明。/ Responsible electrical technician must ensure that affected residential or commercial customers agree with the suspension schedule and have been informed of it at least 2 working days before the planned date. Accordingly, applicant must post an interruption notice on site with proof to CEM。/ O técnico electricista responsável deve garantir que os clientes residenciais ou comerciais afectados concordam com o horário planeado da suspensão de energia e que todos foram informados do mesmo pelo menos 2 dias antes da data planeada. Ao mesmo tempo, o requerente deve afixar um aviso de suspensão de energia no local e mostrá-lo à CEM。\n\n若涉及澳電電網接入點/澳電接入線的更改工作，澳電有權收取相關工程費用。/ If changes to CEM connection point and/or CEM incoming cables are made, CEM reserves the right to charge for the corresponding works。/ Se forem efectuadas alterações ao ponto de ligação da CEM e/ou aos cabos de entrada da CEM, a CEM reserva-se o direito de cobrar pelos respectivos trabalhos。\n\n如以上的資料有任何更改，請聯絡澳電資詢通28339911。/ Please call CEM Info Line 2833 9911 for any further enquiries。/ É favor ligar para a Linha Info da CEM 2833 9911 para quaisquer esclarecimentos。",
    "metadata": {
        "producer": "3.0.0.M8 (5.0.0.M6)",
        "creator": "PyPDF",
        "creationdate": "2023-02-17T15:35:44+08:00",
        "moddate": "2023-03-08T00:37:47+08:00",
        "title": "Temp suspend supply form",
        "source": "https://www.cem-macau.com/uploads/Application_Form_for_Temporary_Suspension_of_Electricity_Supply_version_V11_aug_2020_a41774c3f4.pdf",
        "total_pages": 2,
        "page": 1,
        "page_label": "2"
    }
}